/*!40101 SET @saved_cs_client     = @@character_set_client */;
/*!40101 SET character_set_client = utf8 */;
CREATE TABLE `T_history_seppen` (
  `id` int(10) unsigned NOT NULL AUTO_INCREMENT,
  `storage_id` int(11) NOT NULL,
  `comment` varchar(255) COLLATE utf8_unicode_ci NOT NULL,
  PRIMARY KEY (`id`)
) ENGINE=InnoDB AUTO_INCREMENT=3 DEFAULT CHARSET=utf8 COLLATE=utf8_unicode_ci;
/*!40101 SET character_set_client = @saved_cs_client */;
INSERT INTO `T_history_seppen` VALUES (1,211,'△1　ピン折れ対策　保持力UP'),(2,218,'△1　ランスピン公差変更');
/*!40101 SET @saved_cs_client     = @@character_set_client */;
/*!40101 SET character_set_client = utf8 */;
CREATE TABLE `T_storage_in` (
  `id` int(10) unsigned NOT NULL AUTO_INCREMENT,
  `storage_id` int(11) NOT NULL,
  `date` date NOT NULL,
  `time` time NOT NULL,
  `stock` int(11) NOT NULL,
  PRIMARY KEY (`id`)
) ENGINE=InnoDB AUTO_INCREMENT=292 DEFAULT CHARSET=utf8 COLLATE=utf8_unicode_ci;
/*!40101 SET character_set_client = @saved_cs_client */;
INSERT INTO `T_storage_in` VALUES (1,150,'2017-03-29','11:52:55',1),(2,151,'2017-03-29','11:53:01',1),(3,163,'2017-04-05','08:55:10',1),(4,164,'2017-04-05','08:59:02',2),(5,165,'2017-04-05','09:10:28',1),(6,171,'2017-04-11','11:46:13',9),(7,172,'2017-04-11','11:55:28',8),(8,173,'2017-04-11','12:01:27',5),(9,174,'2017-04-11','14:26:38',6),(10,175,'2017-04-11','14:42:29',11),(11,176,'2017-04-11','14:42:47',10),(12,178,'2017-04-12','13:14:18',1),(13,179,'2017-04-12','13:17:23',1),(14,152,'2017-04-20','10:28:13',1),(15,85,'2017-04-24','14:15:47',1),(16,2,'2017-04-24','14:20:46',6),(17,3,'2017-04-24','14:22:08',4),(18,4,'2017-04-24','14:26:44',3),(19,5,'2017-04-24','14:28:12',1),(20,6,'2017-04-24','14:31:04',3),(21,7,'2017-04-24','14:35:17',1),(22,8,'2017-04-24','14:36:58',2),(23,32,'2017-04-24','14:52:26',1),(24,17,'2017-04-24','14:57:26',1),(25,15,'2017-04-24','14:58:06',1),(26,14,'2017-04-24','14:59:14',1),(27,16,'2017-04-24','14:59:20',1),(28,9,'2017-04-24','15:22:39',1),(29,10,'2017-04-24','15:23:15',5),(30,89,'2017-04-24','15:32:45',1),(31,187,'2017-04-24','15:36:21',1),(32,11,'2017-04-24','15:38:59',5),(33,19,'2017-04-24','15:39:35',1),(34,12,'2017-04-24','15:41:51',1),(35,13,'2017-04-24','15:45:08',1),(36,29,'2017-04-24','15:49:20',6),(37,30,'2017-04-24','15:52:45',2),(38,188,'2017-04-24','15:56:25',1),(39,90,'2017-04-24','15:59:18',7),(40,33,'2017-04-24','16:01:00',1),(41,189,'2017-04-24','16:04:50',3),(42,190,'2017-04-27','09:19:09',4),(43,191,'2017-04-27','15:20:15',1),(44,192,'2017-04-27','15:20:50',1),(45,39,'2017-05-09','09:09:21',1),(46,36,'2017-05-09','09:11:03',2),(47,35,'2017-05-09','09:14:14',4),(48,34,'2017-05-09','09:18:13',2),(49,42,'2017-05-09','09:25:54',1),(50,43,'2017-05-09','09:26:02',1),(51,200,'2017-05-09','09:34:47',2),(52,40,'2017-05-09','09:36:47',1),(53,41,'2017-05-09','09:36:54',1),(54,91,'2017-05-09','09:47:21',3),(55,38,'2017-05-09','09:48:22',1),(56,44,'2017-05-09','09:49:29',1),(57,45,'2017-05-09','09:51:36',2),(58,46,'2017-05-09','09:52:51',1),(59,47,'2017-05-09','09:55:10',1),(60,48,'2017-05-09','09:55:28',1),(61,49,'2017-05-09','09:55:32',1),(62,50,'2017-05-09','10:01:28',1),(63,53,'2017-05-09','10:03:44',1),(64,54,'2017-05-09','10:03:50',1),(65,56,'2017-05-09','10:18:08',12),(66,57,'2017-05-09','10:21:48',9),(67,55,'2017-05-09','10:22:46',3),(68,58,'2017-05-09','10:26:09',11),(69,59,'2017-05-09','10:29:55',4),(70,62,'2017-05-09','10:32:48',1),(71,61,'2017-05-09','10:32:57',2),(72,63,'2017-05-09','10:35:05',2),(73,64,'2017-05-09','10:35:14',1),(74,65,'2017-05-09','10:37:24',2),(75,67,'2017-05-09','10:39:11',2),(76,69,'2017-05-09','10:41:46',1),(77,68,'2017-05-09','10:41:54',2),(78,73,'2017-05-09','10:46:56',4),(79,71,'2017-05-09','11:00:42',2),(80,66,'2017-05-09','11:01:21',1),(81,74,'2017-05-09','11:02:21',2),(82,82,'2017-05-09','11:04:49',2),(83,77,'2017-05-09','11:06:03',1),(84,78,'2017-05-09','11:06:08',1),(85,76,'2017-05-09','11:10:32',2),(86,79,'2017-05-09','11:10:40',2),(87,81,'2017-05-09','11:15:24',3),(88,80,'2017-05-09','11:15:31',1),(89,75,'2017-05-09','11:16:33',1),(90,202,'2017-05-11','09:22:54',2),(91,204,'2017-05-11','09:25:22',2),(92,205,'2017-05-11','09:29:56',1),(93,206,'2017-05-11','09:33:35',1),(94,207,'2017-05-11','09:36:15',1),(95,208,'2017-05-11','09:38:28',1),(96,209,'2017-05-11','09:43:22',1),(97,210,'2017-05-11','09:46:13',1),(98,211,'2017-05-11','09:49:39',1),(99,212,'2017-05-11','09:52:16',1),(100,65,'2017-05-11','11:04:17',2),(101,218,'2017-05-11','14:15:46',1),(102,219,'2017-05-11','14:18:16',1),(103,220,'2017-05-11','14:20:41',1),(104,221,'2017-05-11','14:23:35',1),(105,222,'2017-05-11','14:25:22',1),(106,223,'2017-05-11','14:27:39',1),(107,224,'2017-05-11','14:30:09',2),(108,225,'2017-05-11','14:33:04',1),(109,231,'2017-05-12','15:54:48',1),(110,232,'2017-05-12','15:56:28',3),(111,233,'2017-05-12','15:58:29',1),(112,234,'2017-05-12','16:00:14',1),(113,235,'2017-05-12','16:02:37',1),(114,133,'2017-05-12','16:03:46',3),(115,134,'2017-05-12','16:07:22',1),(116,135,'2017-05-12','16:08:11',1),(117,136,'2017-05-12','16:08:57',3),(118,137,'2017-05-12','16:10:01',1),(119,138,'2017-05-12','16:11:05',1),(120,238,'2017-05-12','16:21:02',1),(121,141,'2017-05-12','16:22:35',1),(122,142,'2017-05-12','16:23:29',2),(123,143,'2017-05-12','16:24:53',2),(124,239,'2017-05-12','16:27:20',1),(125,165,'2017-05-12','16:29:03',6),(126,264,'2017-05-26','08:11:29',8),(127,296,'2017-05-26','08:11:48',20),(128,295,'2017-05-26','08:12:01',19),(129,294,'2017-05-26','08:12:15',6),(130,293,'2017-05-26','08:12:27',5),(131,292,'2017-05-26','08:12:39',35),(132,291,'2017-05-26','08:12:54',2),(133,290,'2017-05-26','08:13:09',13),(134,289,'2017-05-26','08:13:18',16),(135,288,'2017-05-26','08:13:29',2),(136,287,'2017-05-26','08:13:38',1),(137,286,'2017-05-26','08:13:49',10),(139,284,'2017-05-26','09:30:11',6),(140,283,'2017-05-26','08:14:40',23),(141,282,'2017-05-26','08:14:48',27),(142,281,'2017-05-26','08:14:56',19),(143,280,'2017-05-26','08:15:09',12),(144,279,'2017-05-26','08:15:20',12),(145,276,'2017-05-26','08:15:32',1),(146,278,'2017-05-26','08:15:45',20),(147,277,'2017-05-26','08:15:55',1),(148,274,'2017-05-26','08:16:53',43),(149,273,'2017-05-26','08:17:04',51),(150,272,'2017-05-26','08:17:14',1),(151,271,'2017-05-26','08:17:27',22),(152,270,'2017-05-26','08:17:37',10),(153,269,'2017-05-26','08:17:48',22),(154,268,'2017-05-26','08:17:58',10),(155,267,'2017-05-26','08:18:50',35),(156,266,'2017-05-26','08:18:59',49),(157,265,'2017-05-26','08:19:09',16),(158,275,'2017-05-26','09:29:32',1),(159,298,'2017-05-26','09:33:46',2),(160,299,'2017-05-26','09:33:56',1),(161,340,'2017-05-26','16:31:01',1),(162,339,'2017-05-26','16:31:13',1),(163,338,'2017-05-26','16:31:34',5),(164,337,'2017-05-26','16:31:41',1),(165,336,'2017-05-26','16:31:59',1),(166,334,'2017-05-26','16:32:13',1),(167,333,'2017-05-26','16:32:25',1),(168,341,'2017-05-26','16:32:41',3),(169,332,'2017-05-26','16:32:52',1),(170,331,'2017-05-26','16:33:03',2),(171,330,'2017-05-26','16:33:15',3),(172,329,'2017-05-26','16:33:27',1),(173,328,'2017-05-26','16:33:37',2),(174,327,'2017-05-26','16:33:45',1),(175,326,'2017-05-26','16:33:54',6),(176,325,'2017-05-26','16:34:07',1),(177,324,'2017-05-26','16:34:16',2),(178,323,'2017-05-26','16:34:25',1),(179,322,'2017-05-26','16:34:36',1),(180,321,'2017-05-26','16:34:43',1),(181,320,'2017-05-26','16:35:02',1),(182,319,'2017-05-26','16:35:11',3),(183,318,'2017-05-26','16:35:20',2),(184,317,'2017-05-26','16:35:30',1),(185,316,'2017-05-26','16:35:39',1),(186,315,'2017-05-26','16:35:54',1),(187,314,'2017-05-26','16:36:03',2),(188,313,'2017-05-26','16:36:14',1),(189,312,'2017-05-26','16:36:25',1),(190,311,'2017-05-26','16:36:32',1),(191,310,'2017-05-26','16:36:42',2),(192,308,'2017-05-26','16:36:53',1),(193,309,'2017-05-26','16:37:03',2),(194,307,'2017-05-26','16:37:15',1),(195,306,'2017-05-26','16:37:25',3),(196,305,'2017-05-26','16:37:35',3),(197,304,'2017-05-26','16:37:46',2),(198,303,'2017-05-26','16:37:53',1),(199,302,'2017-05-26','16:38:38',1),(200,353,'2017-05-29','14:53:21',1),(201,352,'2017-05-29','14:53:31',1),(202,350,'2017-05-29','14:53:55',2),(203,349,'2017-05-29','14:54:05',1),(204,348,'2017-05-29','14:54:13',1),(205,347,'2017-05-29','14:54:20',1),(206,346,'2017-05-29','14:54:26',5),(207,345,'2017-05-29','14:54:31',1),(208,354,'2017-05-29','16:04:37',1),(209,355,'2017-05-29','16:06:28',1),(210,241,'2017-05-29','16:09:14',3),(211,165,'2017-05-30','09:10:09',1),(212,360,'2017-06-01','10:41:21',3),(213,173,'2017-06-08','09:46:27',10),(214,370,'2017-06-08','09:48:05',8),(215,237,'2017-06-09','10:10:16',1),(216,140,'2017-06-09','10:10:22',2),(217,139,'2017-06-09','10:10:28',1),(218,241,'2017-06-09','16:03:55',1),(219,175,'2017-06-15','15:27:10',10),(220,390,'2017-06-26','09:14:27',1),(221,391,'2017-06-26','09:20:19',1),(222,392,'2017-06-26','09:20:25',1),(223,206,'2017-07-27','14:39:49',1),(224,283,'2017-09-28','11:38:06',3),(225,307,'2017-10-06','16:09:24',1),(226,76,'2017-10-06','16:10:51',2),(227,537,'2017-10-10','15:50:25',4),(228,538,'2017-10-10','15:53:44',3),(229,539,'2017-10-10','16:04:00',6),(230,540,'2017-10-10','16:07:19',1),(231,541,'2017-10-10','16:09:40',9),(232,542,'2017-10-10','16:16:07',6),(233,543,'2017-10-10','16:15:51',9),(234,544,'2017-10-10','16:28:28',14),(235,174,'2017-10-11','11:32:49',1),(236,175,'2017-10-11','11:39:36',4),(237,547,'2017-10-11','11:43:58',19),(238,370,'2017-10-11','11:45:02',12),(239,548,'2017-10-11','11:46:31',3),(240,549,'2017-10-11','11:48:11',4),(241,550,'2017-10-11','11:49:33',5),(242,553,'2017-10-13','10:13:08',14),(243,548,'2017-10-13','10:17:27',17),(244,554,'2017-10-13','10:19:47',7),(245,555,'2017-10-13','10:20:03',9),(246,556,'2017-10-13','10:23:25',13),(247,157,'2017-10-13','11:03:25',12),(248,557,'2017-10-13','11:05:04',2),(249,558,'2017-10-13','11:07:15',1),(250,559,'2017-10-13','11:09:04',1),(251,545,'2017-10-13','11:34:24',28),(252,546,'2017-10-13','11:35:18',10),(253,274,'2017-10-13','15:43:44',10),(254,283,'2017-10-13','15:43:57',1),(255,564,'2017-10-13','16:25:54',4),(256,565,'2017-10-13','16:26:06',20),(257,567,'2017-10-13','16:26:17',2),(258,566,'2017-10-13','16:26:21',3),(259,568,'2017-10-13','16:26:31',10),(260,569,'2017-10-13','16:26:35',13),(261,570,'2017-10-13','16:26:42',119),(262,571,'2017-10-13','16:30:20',1),(263,563,'2017-10-17','10:42:36',516),(264,560,'2017-10-17','10:42:42',520),(265,561,'2017-10-17','10:42:49',621),(266,562,'2017-10-17','10:42:57',749),(267,39,'2017-10-20','13:22:27',1),(268,38,'2017-10-20','13:24:19',3),(269,240,'2017-10-20','13:26:53',1),(270,643,'2017-10-24','16:10:31',5),(271,139,'2017-10-25','14:00:37',1),(272,206,'2017-10-25','14:00:57',1),(273,265,'2017-10-25','16:52:07',2),(274,12,'2017-10-26','10:37:50',1),(275,684,'2017-10-27','11:57:13',3),(276,152,'2017-10-27','09:14:05',2),(277,192,'2017-10-27','09:20:11',1),(278,680,'2017-10-27','09:21:03',1),(279,682,'2017-10-27','09:33:48',2),(280,681,'2017-10-27','09:35:31',4),(281,618,'2017-10-30','11:15:16',2),(282,688,'2017-10-30','11:16:56',1),(283,687,'2017-10-30','11:19:06',1),(284,686,'2017-10-30','11:19:13',1),(285,685,'2017-10-30','11:21:06',2),(286,95,'2017-10-30','11:21:14',1),(287,689,'2017-10-30','11:21:57',2),(288,355,'2017-10-30','11:22:07',1),(289,238,'2017-10-30','11:22:15',1),(290,192,'2017-10-31','14:05:33',1),(291,140,'2017-10-31','14:06:08',1);
/*!40101 SET @saved_cs_client     = @@character_set_client */;
/*!40101 SET character_set_client = utf8 */;
CREATE TABLE `T_storage_out` (
  `id` int(10) unsigned NOT NULL AUTO_INCREMENT,
  `storage_id` int(11) NOT NULL,
  `date` date NOT NULL,
  `time` time NOT NULL,
  `stock` int(11) NOT NULL,
  PRIMARY KEY (`id`)
) ENGINE=InnoDB AUTO_INCREMENT=135 DEFAULT CHARSET=utf8 COLLATE=utf8_unicode_ci;
/*!40101 SET character_set_client = @saved_cs_client */;
INSERT INTO `T_storage_out` VALUES (1,150,'2017-03-29','11:53:24',1),(2,151,'2017-03-29','11:53:48',1),(3,163,'2017-04-05','08:55:20',1),(4,164,'2017-04-05','08:59:09',2),(5,165,'2017-04-05','09:10:34',1),(6,178,'2017-04-12','13:14:26',1),(7,179,'2017-04-12','13:17:30',1),(8,175,'2017-04-13','15:14:06',1),(9,152,'2017-04-20','10:28:20',1),(10,29,'2017-04-27','10:46:20',1),(11,191,'2017-04-27','15:20:20',1),(12,192,'2017-04-27','15:20:56',1),(13,12,'2017-05-08','10:32:43',1),(14,62,'2017-05-12','11:48:50',1),(15,165,'2017-05-19','14:21:20',1),(16,172,'2017-05-22','11:29:52',1),(17,239,'2017-05-22','10:39:49',1),(18,293,'2017-05-29','14:25:31',5),(19,354,'2017-05-29','16:04:42',1),(20,355,'2017-05-29','16:06:33',1),(21,241,'2017-05-29','16:09:20',3),(22,176,'2017-05-31','10:15:57',1),(23,175,'2017-05-31','10:16:01',1),(24,172,'2017-05-31','10:16:07',1),(25,175,'2017-05-31','10:17:44',3),(26,176,'2017-06-05','13:55:04',2),(27,175,'2017-06-05','13:55:09',3),(28,172,'2017-06-05','14:53:08',1),(29,80,'2017-06-06','14:24:12',1),(30,206,'2017-06-06','14:29:58',1),(31,283,'2017-06-08','10:02:58',6),(32,175,'2017-06-15','15:27:42',5),(33,280,'2017-06-21','14:37:26',4),(34,56,'2017-06-21','15:46:05',1),(35,207,'2017-06-21','15:59:02',1),(36,390,'2017-06-26','09:14:34',1),(37,63,'2017-06-26','10:48:18',1),(38,73,'2017-06-26','10:48:26',1),(39,241,'2017-07-06','10:32:57',1),(40,65,'2017-07-19','15:58:43',2),(41,56,'2017-07-21','13:52:00',1),(42,56,'2017-07-27','14:38:47',3),(43,313,'2017-08-04','14:30:56',1),(44,325,'2017-08-04','14:33:03',1),(45,206,'2017-08-21','14:41:40',1),(46,238,'2017-08-22','15:55:08',1),(47,76,'2017-08-29','11:12:27',2),(48,307,'2017-09-12','16:00:37',1),(49,140,'2017-09-26','10:04:47',1),(50,141,'2017-09-26','10:05:01',1),(51,270,'2017-09-28','11:37:26',3),(52,282,'2017-09-28','11:37:35',3),(53,273,'2017-09-28','11:37:42',3),(54,267,'2017-09-28','11:37:49',3),(55,266,'2017-09-28','11:37:56',49),(56,134,'2017-10-06','10:04:26',1),(57,139,'2017-10-06','16:06:37',1),(58,283,'2017-10-10','14:12:18',10),(59,282,'2017-10-10','14:43:11',1),(60,175,'2017-10-11','11:36:44',5),(61,140,'2017-10-13','14:32:48',2),(62,222,'2017-10-13','15:30:40',1),(63,265,'2017-10-13','15:42:25',4),(64,267,'2017-10-13','15:42:47',32),(65,270,'2017-10-13','15:43:00',3),(66,271,'2017-10-13','15:43:21',18),(67,273,'2017-10-13','15:43:35',30),(68,545,'2017-10-17','11:44:08',12),(69,563,'2017-10-17','11:45:27',15),(70,560,'2017-10-17','11:45:44',15),(71,561,'2017-10-17','11:45:58',15),(72,562,'2017-10-17','11:46:06',15),(73,563,'2017-10-17','11:46:26',7),(74,560,'2017-10-17','11:46:36',7),(75,561,'2017-10-17','11:46:47',7),(76,562,'2017-10-17','11:46:55',7),(77,563,'2017-10-17','11:47:10',50),(78,563,'2017-10-17','11:47:20',10),(79,157,'2017-10-19','15:29:47',1),(80,563,'2017-10-20','11:02:42',1),(81,546,'2017-10-20','11:02:58',1),(82,56,'2017-10-20','14:52:22',1),(83,545,'2017-10-23','13:40:17',1),(84,560,'2017-10-23','13:45:04',9),(85,561,'2017-10-23','13:45:14',9),(86,560,'2017-10-23','13:45:26',9),(87,561,'2017-10-23','13:45:37',9),(88,545,'2017-10-23','14:25:01',10),(89,563,'2017-10-23','16:20:12',10),(90,560,'2017-10-23','16:20:16',10),(91,563,'2017-10-24','10:46:19',5),(92,564,'2017-10-24','15:55:16',1),(93,563,'2017-10-24','15:56:43',10),(94,563,'2017-10-25','13:06:02',1),(95,563,'2017-10-25','17:01:33',36),(96,176,'2017-10-26','09:21:35',6),(97,165,'2017-10-26','10:21:16',1),(98,283,'2017-10-30','12:52:11',1),(99,563,'2017-10-30','13:48:43',2),(100,560,'2017-10-30','13:48:56',1),(101,561,'2017-10-30','13:49:03',2),(102,562,'2017-10-30','13:49:14',2),(103,563,'2017-10-30','13:51:39',11),(104,560,'2017-10-30','13:51:50',11),(105,561,'2017-10-30','13:51:59',11),(106,562,'2017-10-30','13:52:06',11),(107,563,'2017-10-31','10:03:17',2),(108,563,'2017-10-31','10:03:28',2),(109,560,'2017-10-31','10:03:39',2),(110,561,'2017-10-31','10:03:47',2),(111,562,'2017-10-31','10:03:55',2),(112,562,'2017-10-31','13:20:55',4),(113,561,'2017-10-31','13:21:04',4),(114,560,'2017-10-31','13:21:11',4),(115,562,'2017-11-01','13:39:44',1),(116,563,'2017-11-01','13:40:01',6),(117,560,'2017-11-01','13:40:10',6),(118,561,'2017-11-01','13:40:21',6),(119,562,'2017-11-01','13:40:31',6),(120,563,'2017-11-01','13:40:44',10),(121,563,'2017-11-01','13:40:59',6),(122,560,'2017-11-01','13:41:07',6),(123,562,'2017-11-01','13:41:19',6),(124,563,'2017-11-01','13:41:41',3),(125,560,'2017-11-01','13:41:52',3),(126,561,'2017-11-01','13:41:59',3),(127,562,'2017-11-01','13:42:07',3),(128,280,'2017-11-02','09:51:43',6),(129,563,'2017-11-02','13:41:33',15),(130,560,'2017-11-02','13:41:44',6),(131,561,'2017-11-02','13:42:02',6),(132,562,'2017-11-02','13:42:10',10),(133,172,'2017-11-03','08:38:02',2),(134,283,'2017-11-06','11:03:35',2);
/*!40101 SET @saved_cs_client     = @@character_set_client */;
/*!40101 SET character_set_client = utf8 */;
CREATE TABLE `merchant` (
  `id` int(10) unsigned NOT NULL AUTO_INCREMENT,
  `name` varchar(255) COLLATE utf8_unicode_ci NOT NULL,
  `furigana` varchar(255) COLLATE utf8_unicode_ci NOT NULL,
  `deleted_at` timestamp NULL DEFAULT NULL,
  PRIMARY KEY (`id`),
  UNIQUE KEY `merchant_name_unique` (`name`)
) ENGINE=InnoDB AUTO_INCREMENT=39 DEFAULT CHARSET=utf8 COLLATE=utf8_unicode_ci;
/*!40101 SET character_set_client = @saved_cs_client */;
INSERT INTO `merchant` VALUES (1,'弘洋','コウヨウ',NULL),(2,'横浜テクニカ','ヨコハマテクニカ',NULL),(3,'矢崎化工','ヤザキカコウ',NULL),(4,'モデック','モデック',NULL),(5,'松浦製作所','マツウラセイサクショ',NULL),(6,'増田工業','マスダコウギョウ',NULL),(7,'フケン販売','フケンハンバイ',NULL),(8,'深谷製作所','フカヤセイサクショ',NULL),(9,'ファムテック','ファムテック',NULL),(10,'花澤製作所','ハナザワセイサクショ',NULL),(11,'ナカモク','ナカモク',NULL),(12,'エヌテック','エヌテック',NULL),(13,'MPA','MPA',NULL),(14,'大東機械','ダイトウキカイ',NULL),(15,'HIB専用機','HIBセンヨウキ',NULL),(16,'ISJ','ISJ',NULL),(17,'MKH','MKH',NULL),(18,'野中技研','ノナカギケン',NULL),(19,'NIM','NIM',NULL),(20,'OMP','OMP',NULL),(21,'SSN','SSN',NULL),(22,'TNS','TNS',NULL),(23,'TCS','TCS',NULL),(24,'植田部品','ウエダブヒン',NULL),(25,'湖西機工','コサイキコウ',NULL),(26,'佐野','サノ',NULL),(27,'WSZ','WSZ',NULL),(28,'先生鉄工所','センセイテッコウジョ',NULL),(29,'長野工業','ナガノコウギョウ',NULL),(30,'保土沢','ホドサワ',NULL),(31,'タイコエレクトロニクスジャパン合同会社','タイコエレクトロニクスジャパンゴウドウガイシャ',NULL),(32,'サンコール㈱','サンコール',NULL),(33,'エーライフ','エーライフ',NULL),(34,'ミスミ','ミスミ',NULL),(35,'赤堀研磨','アカホリケンマ',NULL),(36,'ジーアクト','ジーアクト',NULL),(37,'部材調達チーム','ブザイチョウタツチーム',NULL),(38,'興津治工具','オキツジコウグ',NULL);
/*!40101 SET @saved_cs_client     = @@character_set_client */;
/*!40101 SET character_set_client = utf8 */;
CREATE TABLE `migrations` (
  `migration` varchar(255) COLLATE utf8_unicode_ci NOT NULL,
  `batch` int(11) NOT NULL
) ENGINE=InnoDB DEFAULT CHARSET=utf8 COLLATE=utf8_unicode_ci;
/*!40101 SET character_set_client = @saved_cs_client */;
INSERT INTO `migrations` VALUES ('2014_10_12_000000_create_users_table',1),('2016_09_13_145904_create_storage_table',1),('2016_09_27_131033_create_storage_in_table',1),('2016_09_29_092125_create_storage_out_table',1),('2017_01_16_125907_create_pic_table',1),('2017_01_16_151754_create_merchant_table',1),('2017_01_17_115942_create_seppen_history_table',1),('2017_01_23_092206_add_furigana_merchant_table',1),('2017_01_23_092211_add_furigana_pic_table',1),('2017_02_09_143856_storage_whq_to_int',2);
/*!40101 SET @saved_cs_client     = @@character_set_client */;
/*!40101 SET character_set_client = utf8 */;
CREATE TABLE `pic` (
  `id` int(10) unsigned NOT NULL AUTO_INCREMENT,
  `name` varchar(255) COLLATE utf8_unicode_ci NOT NULL,
  `furigana` varchar(255) COLLATE utf8_unicode_ci NOT NULL,
  `deleted_at` timestamp NULL DEFAULT NULL,
  PRIMARY KEY (`id`),
  UNIQUE KEY `pic_name_unique` (`name`)
) ENGINE=InnoDB AUTO_INCREMENT=20 DEFAULT CHARSET=utf8 COLLATE=utf8_unicode_ci;
/*!40101 SET character_set_client = @saved_cs_client */;
INSERT INTO `pic` VALUES (1,'山下','ヤマシタ',NULL),(2,'太田','オオタ',NULL),(3,'大谷','オオタニ',NULL),(4,'大石','オオイシ',NULL),(5,'松村伸','マツムラノブ',NULL),(6,'半田','ハンダ',NULL),(7,'鶴','ツル',NULL),(8,'杉本','スギモト',NULL),(9,'花澤','ハナザワ',NULL),(10,'興津','オキツ',NULL),(11,'河原','カワハラ',NULL),(12,'鎌田','カマダ',NULL),(13,'野中','ノナカ',NULL),(14,'松村瞬','マツムラシュン',NULL),(15,'松本','マツモト',NULL),(16,'伊藤','イトウ',NULL),(17,'髙岡','タカオカ',NULL),(18,'石塚','イシツカ',NULL),(19,'原田','ハラダ',NULL);
/*!40101 SET @saved_cs_client     = @@character_set_client */;
/*!40101 SET character_set_client = utf8 */;
CREATE TABLE `storage` (
  `id` int(10) unsigned NOT NULL AUTO_INCREMENT,
  `hinban` varchar(255) COLLATE utf8_unicode_ci NOT NULL,
  `seppenfugou` varchar(10) COLLATE utf8_unicode_ci DEFAULT NULL,
  `name` varchar(100) COLLATE utf8_unicode_ci NOT NULL,
  `tanaban` varchar(100) COLLATE utf8_unicode_ci NOT NULL,
  `af` tinyint(1) NOT NULL DEFAULT '0',
  `cf` tinyint(1) NOT NULL DEFAULT '0',
  `other` tinyint(1) NOT NULL DEFAULT '0',
  `chikouguhinban` varchar(255) COLLATE utf8_unicode_ci DEFAULT NULL,
  `zuuban` varchar(20) COLLATE utf8_unicode_ci DEFAULT NULL,
  `gyousha` int(11) NOT NULL,
  `unit_price` int(11) NOT NULL,
  `shashu` varchar(20) COLLATE utf8_unicode_ci DEFAULT NULL,
  `bui` varchar(20) COLLATE utf8_unicode_ci DEFAULT NULL,
  `lock` varchar(20) COLLATE utf8_unicode_ci DEFAULT NULL,
  `comment` varchar(255) COLLATE utf8_unicode_ci DEFAULT NULL,
  `pic` int(11) NOT NULL,
  `whq` int(11) DEFAULT NULL,
  `file1` varchar(100) COLLATE utf8_unicode_ci DEFAULT NULL,
  `file2` varchar(100) COLLATE utf8_unicode_ci DEFAULT NULL,
  `created_at` timestamp NULL DEFAULT NULL,
  `updated_at` timestamp NULL DEFAULT NULL,
  `deleted_at` timestamp NULL DEFAULT NULL,
  PRIMARY KEY (`id`)
) ENGINE=InnoDB AUTO_INCREMENT=716 DEFAULT CHARSET=utf8 COLLATE=utf8_unicode_ci;
/*!40101 SET character_set_client = @saved_cs_client */;
INSERT INTO `storage` VALUES (1,'22-3615','N','375 1P','1',0,1,0,'49HA024906','',24,9375,'','','','',0,11250,NULL,NULL,'2017-02-09 05:02:00','2017-02-09 05:02:00',NULL),(2,'23-3615','N','375 1P','1',0,1,0,'49HA022950','',15,12073,'','','R','',0,14488,NULL,NULL,'2017-02-09 05:03:11','2017-02-09 05:04:29',NULL),(3,'23-3615-U','N','375 1P','1',0,1,0,'49HA031634','',24,33840,'','','','',0,40608,NULL,NULL,'2017-02-09 05:04:04','2017-02-09 05:18:15',NULL),(4,'23-3617','N','HLC9.5 1P CONNECTOR','1',0,1,0,'49HA023822','WSZ4561',15,17096,'','','','ゲージ1個有(49YC000504)',0,20515,NULL,NULL,'2017-02-09 05:06:04','2017-04-24 05:26:18',NULL),(5,'23-3617-D','N','HLC9.5 1P CONNECTOR','1',0,1,0,'49HA029402','DIT6777',15,19669,'071A','床下','D','',0,23603,NULL,NULL,'2017-02-09 05:08:08','2017-02-09 05:18:35',NULL),(6,'7323-3617-U','N','TOYOTA 9.5 1P F','1',0,1,0,'49HA030808','HV7130',15,19598,'100B','床下','U','ゲージ１個有',0,23518,NULL,'file2_6.jpeg','2017-02-09 05:08:39','2017-04-24 05:30:54',NULL),(7,'23-6314-30','N','FORD 2PFK','1',0,1,0,'49HA007539','VX0097',15,11427,'5WSJ','PTC','','',0,13712,NULL,NULL,'2017-02-09 05:09:58','2017-02-09 05:21:03',NULL),(8,'23-6367(-40)','4','M06FW(-GY)-LC','1',0,1,0,'49HA014702','YG00057',21,27756,'L53E','BAT','','',0,33307,NULL,NULL,'2017-02-09 05:11:12','2017-02-09 05:21:12',NULL),(9,'25-5235-3W+25-5799-50-D','N','INLET OPEN L 5P F+リアホルダ検出治具','1',0,1,0,'49HA032987','YDU14015',24,42050,'570A','','','',9,50460,NULL,NULL,'2017-02-09 05:12:56','2017-02-09 05:18:06',NULL),(10,'25-5394','N','4.8 2P M','1',0,1,0,'49HA031663','HV7358',15,24121,'','','','',0,28945,NULL,NULL,'2017-02-09 05:23:25','2017-02-09 05:23:25',NULL),(11,'25-5395','N','4.8 2P F','1',0,1,0,'49HA031665','HV7360',15,19610,'','','','',0,23532,NULL,NULL,'2017-02-09 05:24:07','2017-02-09 05:24:07',NULL),(12,'25-5511-5W (X41125-M053)','N','BOX ASSY S/P','1',0,1,0,'49HA031455','T496',2,72355,'','','','齊藤製作所',7,86826,NULL,NULL,'2017-02-09 05:25:26','2017-03-29 02:01:06',NULL),(13,'25-6017-D+25-5456','1','C/F','1',0,1,0,'49HA032265','DCF13001',20,29203,'594A','','','',9,35044,NULL,'file2_13.jpeg','2017-02-09 05:26:35','2017-03-28 04:34:48',NULL),(14,'25-6565B','N','C/F 1.0Ⅲ','1',0,1,0,'49HA028527','',22,30250,'071A','SUBWIRE','','',0,36300,NULL,NULL,'2017-02-09 05:27:44','2017-02-09 05:27:54',NULL),(15,'25-6565-L','N','1.0Ⅲ2P F','1',0,1,0,'49HA034041','',24,13430,'CD391','','','',7,16116,NULL,NULL,'2017-02-09 05:28:50','2017-02-09 05:28:50',NULL),(16,'25-6566B','N','040Ⅲ','1',0,1,0,'49HA028430','',22,39029,'071A','SUBWIRE','','',0,46835,NULL,NULL,'2017-02-09 05:29:59','2017-04-24 05:58:57',NULL),(17,'25-6566-L','N','1.0Ⅲ2P F','1',0,1,0,'49HA034042','',24,13430,'CD391','','','',7,16116,NULL,NULL,'2017-02-09 05:46:37','2017-02-09 05:46:37',NULL),(18,'25-5780 (X4Y325-MAM5)','N','6.3 2P','1',0,1,0,'49HA033655','HV8194',15,26148,'629W','A/C','','(X4Y325-MAM5)',9,31378,NULL,NULL,'2017-02-09 05:48:40','2017-03-29 02:01:39',NULL),(19,'25-5395-R','N','','1',0,1,0,'49HA031806','',15,0,'','','','',0,0,NULL,NULL,'2017-02-09 05:50:17','2017-02-09 05:50:17',NULL),(20,'100B-UNDERPRT-1','N','プロテクタ組立治具','',1,0,0,'49CB006023','NAF-17-015',8,0,'100B','床下','','',9,0,NULL,NULL,'2017-02-13 04:18:29','2017-02-13 04:18:29',NULL),(21,'100B-UNDERPRT-2','N','プロテクタ組立治具','',1,0,0,'49CB006024','NAF-17-016',8,0,'100B','床下','','',9,0,NULL,NULL,'2017-02-13 04:19:38','2017-02-13 04:19:38',NULL),(22,'BANDO-UKE','N','結束バンド受け','',1,0,0,'49FA000683','YDU17014',24,1500,'S1','MOTOR','','NAF-17-017',11,1800,NULL,NULL,'2017-02-13 06:43:04','2017-03-16 01:13:33',NULL),(23,'COT-D22-AUTO','N','コルゲート取付指定治具','',1,0,0,'49DB000176','',9,59250,'577W','MOTOR','','',10,71100,NULL,NULL,'2017-02-14 06:37:58','2017-04-04 23:22:20',NULL),(24,'COT-D22-AUTO-UP/DN-R','N','コルゲート取付指定治具','',1,0,0,'49DB000177','',9,83967,'577W','MOTOR','','',10,100760,NULL,NULL,'2017-02-14 06:42:00','2017-04-04 23:22:30',NULL),(25,'COT-D19-AUTO-UP/DN-R','N','コルゲート取付指定治具','',1,0,0,'49DB000173','',9,83967,'577W','MOTOR','','',10,100760,NULL,NULL,'2017-02-14 06:43:09','2017-04-04 23:22:08',NULL),(26,'7009-9562D','1','LA端子受け治具','',1,0,0,'49BC002716','22-6027',22,3702,'629W','','カシメ下','検査、組立共用',15,4442,NULL,NULL,'2017-02-15 00:43:35','2017-02-15 00:43:35',NULL),(27,'7354-0005+C112 L','N','FB 4P L','',0,1,0,'49HA037195','KIK8874',15,32202,'677W','ソーラー','L','7147-8748',15,38642,NULL,NULL,'2017-02-15 00:46:18','2017-03-08 23:14:22',NULL),(28,'7289-5476-51 ATUNYUH GAGE','N','圧入治具ゲージ','',0,0,1,'49YC003691','NAF-17-014',1,11000,'09PL','床下','','',2,13200,NULL,NULL,'2017-02-15 23:37:38','2017-03-31 00:39:18',NULL),(29,'7325-6585-D','N','9.5 2P D','1',0,1,0,'49HA032218','HV7571',15,27742,'','','','ゲージのみ１個有(49YC002608)',0,33290,NULL,NULL,'2017-02-16 02:27:02','2017-04-24 05:54:52',NULL),(30,'7325-6585-D+7184-9700-50','N','9.5 W/P 2P+プロテクタ','1',0,1,0,'49HA032963','YDU14040',24,48690,'580A','床下','','',0,58428,NULL,NULL,'2017-02-16 02:28:59','2017-02-16 02:32:41',NULL),(31,'7325-6585-D+7384-8803-50','N','外観検査用検出治具','1',0,1,0,'49HA033654','YDU14245',24,36580,'577W/620W','床下','','',0,43896,NULL,NULL,'2017-02-16 02:30:38','2017-02-16 02:31:56',NULL),(32,'7325-6585-R-T','N','9.5 W/P 2P F 耐電圧試験','1',0,1,0,'49HG000007','YDU14067',24,34440,'','','R','',0,41328,NULL,NULL,'2017-02-16 02:34:01','2017-02-16 02:48:28',NULL),(33,'7225-6819-51-D','1','187 W/P 2P(4P) F','1',0,1,0,'49HA031482','YDU12189',24,16860,'L53H','','','',13,20232,NULL,NULL,'2017-02-16 02:35:16','2017-02-16 02:48:53',NULL),(34,'7225-6877-51-L','N','INV 2P F','1',0,1,0,'49HA033002','',2,0,'','','L','',7,0,NULL,NULL,'2017-02-16 02:36:56','2017-02-16 02:49:11',NULL),(35,'7225-8338-51-U','N','コネクタ','1',0,1,0,'49HA031395','',24,13460,'J6AE','','','',0,16152,NULL,NULL,'2017-02-16 02:38:02','2017-02-16 02:49:28',NULL),(36,'7325-8397.5875-T','3','耐電圧','1',0,1,0,'49HG000004','',18,47938,'','','','※単価は3台以上価格',0,57526,NULL,NULL,'2017-02-17 01:15:16','2017-02-17 01:15:16',NULL),(37,'25-8397.5875-U+7284-9058 (X412843015)','4','INV 2P-M+ｶﾊﾞｰ','1',0,1,0,'49HA031355','',18,51438,'','','U','X412843015　※単価は3台以上価格',9,0,NULL,NULL,'2017-02-17 01:17:34','2017-03-29 02:03:21',NULL),(38,'7325-8398-0W','12','INV A/C CONNECTOR','1',0,1,0,'49HA030108','YDU13101',24,37920,'','','','自動解放用バルブ込価格@48,680',0,45504,NULL,NULL,'2017-02-17 01:19:55','2017-02-17 01:19:55',NULL),(39,'7325-8398-INL','12','インライン C/F+プロテクタ受け一体','1',0,1,0,'49CK000002','YDU13010',24,63830,'','','','自動解放用バルブ込',0,76596,NULL,NULL,'2017-02-17 01:23:04','2017-02-17 01:23:04',NULL),(40,'7325-8415-R','N','INV  W/P 3P M (EV)','1',0,1,0,'49HA033177','YDU14091',24,55460,'751A','MTR','R','',10,66552,NULL,NULL,'2017-02-17 01:26:13','2017-02-17 01:26:13',NULL),(41,'7325-8415-R-A','1','エアリーク検出治具','1',0,1,0,'49HF000422','YDU13377',24,55590,'751A','','R','',0,66708,NULL,NULL,'2017-02-17 01:27:28','2017-02-17 01:27:28',NULL),(42,'7325-8578-0W R','2','TOYOTA 8..0 2P F HLC','1',0,1,0,'49HA029658','EV6833',15,28802,'071A','A/C','R','',0,34562,NULL,NULL,'2017-02-17 01:28:53','2017-02-17 01:28:53',NULL),(43,'7325-8578-0W-U','N','TOYOTA 8..0 2P F HLC','1',0,1,0,'49HA031072','HV7181',15,28064,'523W.432A.402A','A/C','U','',0,33677,NULL,NULL,'2017-02-17 01:30:05','2017-02-17 01:30:05',NULL),(44,'7325-8627+T','N','25-8627+サーミスタ','1',0,1,0,'49HA031170','YDU11032',24,107300,'RDCA','','','',0,128760,NULL,NULL,'2017-02-17 01:31:14','2017-05-09 00:51:02',NULL),(45,'7325-8628 (25-5360,5396,5560,5961,5962,5236,5238,8626,5268)','N','C/F','1',0,1,0,'49HA031166','',24,0,'','','','25-5360,5396,5560,5961,5962,5236,5238,8626,5268共用',0,0,NULL,NULL,'2017-02-17 01:32:54','2017-05-09 00:51:56',NULL),(46,'25-8631-51','2','594A 9.5 3P F','1',0,1,0,'49HA031618','',18,43150,'594A','床下','','',9,51780,NULL,NULL,'2017-02-17 01:33:59','2017-05-09 00:53:16',NULL),(47,'25-8646-3W(8728-5W)+25-8685-30','2','導通確認+ｸﾞﾛﾒｯﾄ位置確認治具','1',0,1,0,'49KB001680','',24,26420,'X12G','普通充電','U','',13,31704,NULL,NULL,'2017-02-17 01:35:22','2017-05-09 00:56:01',NULL),(48,'7225-8646-3W.8728-5W-TA','N','INLET 5P 耐電圧検出治具','1',0,1,0,'49HA031600','',24,54150,'X12G','普通充電','U','',0,64980,NULL,NULL,'2017-02-17 01:36:26','2017-05-09 00:56:14',NULL),(49,'7225-8646-3W+TD','N','C/F サーミスタ','1',0,1,0,'49HA031167','',2,31745,'','','','',0,38094,NULL,NULL,'2017-02-17 01:37:23','2017-05-09 00:56:29',NULL),(50,'7325-8647-3W+7325-8685-30','N','導通確認+グロメット位置確認','2',0,1,0,'49HA031593','YDU12157',24,61370,'','','','',13,73644,NULL,NULL,'2017-02-17 01:38:26','2017-02-17 01:38:26',NULL),(51,'7225-8647-3W+TD','N','C/F','2',0,1,0,'49HA031168','',2,31745,'','','','',0,38094,NULL,NULL,'2017-02-17 01:39:24','2017-02-17 01:39:24',NULL),(52,'25-8955-51-U (X41172-M134-U)','1','','2',0,1,0,'49HA030636','HV7100',15,18993,'','','','',13,22792,NULL,NULL,'2017-02-17 01:41:28','2017-03-29 02:05:48',NULL),(53,'25-8956-51-D (X41172-M137-D)','N','','2',0,1,0,'49HA030650','HV7103',15,18993,'','','','',13,22792,NULL,NULL,'2017-02-17 01:42:32','2017-03-29 02:06:12',NULL),(54,'25-8956-51-U (X41172-M137-U)','1','','2',0,1,0,'49HA030649','HV7102',15,18993,'','','','',13,22792,NULL,NULL,'2017-02-17 01:43:28','2017-03-29 02:06:26',NULL),(55,'7387-1237L-BL','N','9.5 1P F HLC','2',0,1,0,'49HA027960','WSZ6445',15,24942,'','','L','在庫１台ゲージなし',0,29930,NULL,NULL,'2017-02-20 02:04:21','2017-05-09 01:23:21',NULL),(56,'7387-1237R-BL','N','9.5 1P F HLC','2',0,1,0,'49HA026136','CD05955',15,19700,'','','R','',0,23640,NULL,NULL,'2017-02-20 02:06:25','2017-02-20 02:06:25',NULL),(57,'7387-1237-U-BL','N','9.5 1P F HLC','2',0,1,0,'49HA029859','',15,23737,'','','','',0,28484,NULL,NULL,'2017-02-20 02:07:11','2017-02-20 02:07:11',NULL),(58,'7387-1769-BL','N','9.5 HLC 1P ','2',0,1,0,'49HA026423','CD05994',15,24565,'','','R','丹心工業から購入時@38,389　在庫２個ゲージなし　ゲージ品番49YC001340△1',0,29478,NULL,NULL,'2017-02-20 02:08:48','2017-05-09 01:27:14',NULL),(59,'7387-1769-U-BL','N','9.5 HLC 1P ','2',0,1,0,'49HA029860','DIT6870',15,24473,'','','U','',0,0,NULL,NULL,'2017-02-20 02:09:43','2017-02-20 02:09:43',NULL),(60,'87-2813B.4097B','N','1.58Ｆ(ﾘﾃｰﾅ検知ﾀｲﾌﾟ)','2',0,1,0,'49HA027690','',22,49472,'395A','電池パック','R','',0,59366,NULL,NULL,'2017-02-20 02:13:01','2017-04-27 06:50:31',NULL),(61,'7387-2998-BL','N','','2',0,1,0,'49HA027259','CD06254',15,24733,'','','R','',0,29680,NULL,NULL,'2017-02-20 02:13:50','2017-02-20 02:13:50',NULL),(62,'7387-2998-L','N','HLC 9.5 1P','2',0,1,0,'49HA029401','DIT6776',15,25131,'071A','床下','L','',0,30157,NULL,NULL,'2017-02-20 02:14:59','2017-02-20 02:14:59',NULL),(63,'7387-2998-U-BL','N','9.5 HLC1P F','2',0,1,0,'49HA029916','WSZ6894',15,25558,'','','U','',0,30670,NULL,NULL,'2017-02-20 02:16:02','2017-02-20 02:16:02',NULL),(64,'7387-2998-U-BL-R','N','432A 9.5HLC 1P (F)','2',0,1,0,'49HA031310','HV7304',15,29884,'432A','床下','R','',0,35861,NULL,NULL,'2017-02-20 02:17:07','2017-02-20 02:17:07',NULL),(65,'87-3302','N','1.5 4P F','2',0,1,0,'49HA028128','',15,12982,'620W','床下','','',0,15578,NULL,NULL,'2017-02-20 02:18:18','2017-02-20 02:18:18',NULL),(66,'7187-3435','2','GT8E-3S-HU  （ｼｬﾌﾄｽﾄｯﾌﾟ式）','2',0,1,0,'49HA032961','',24,11490,'','','','',1,13788,NULL,NULL,'2017-02-20 02:19:06','2017-02-20 02:19:06',NULL),(67,'7387-5357-51-U','N','HLC 9.5 1P','2',0,1,0,'49HA030347','HV6982',15,20193,'','','U','',0,24232,NULL,NULL,'2017-02-20 02:20:03','2017-02-20 02:20:03',NULL),(68,'7387-5357-BL','N','HLC 9.5 1P','2',0,1,0,'49HA028873','EV6640',15,21231,'523W','電池パック','','',0,25477,NULL,NULL,'2017-02-20 02:21:16','2017-02-20 02:21:16',NULL),(69,'7387-5357-BL-R','N','HLC C/F　ﾛｯｸ右','2',0,1,0,'49HA031046','HV7214',15,26556,'400A','床下','R','',8,31867,NULL,NULL,'2017-02-20 02:22:54','2017-02-20 02:23:23',NULL),(70,'7387-5358-51-U-BL-R','N','432A 9.5HLC 1P (F)','2',0,1,0,'49HA031309','HV7303',15,29884,'432A','床下','R','',0,35861,NULL,NULL,'2017-02-20 02:24:21','2017-02-20 02:24:21',NULL),(71,'7387-5358-BL','N','HLC 9.5 1P','2',0,1,0,'49HA028874','EV6641',15,21231,'','','R','',0,25477,NULL,NULL,'2017-02-20 02:25:38','2017-02-20 02:25:38',NULL),(72,'7387-5358-L','N','HLC 9.5 1P','2',0,1,0,'49HA029400','DIT6775',15,25131,'071A','床下','L','',0,30157,NULL,NULL,'2017-02-20 02:26:45','2017-02-20 02:26:45',NULL),(73,'7387-5358-U BL','N','HLC 9.5 1P','2',0,1,0,'49HA029917','DIT6900',15,25637,'','','U','',0,30764,NULL,NULL,'2017-02-20 02:27:40','2017-02-20 02:27:40',NULL),(74,'7387-7116B','N','0.64Ⅱ 8P F (ﾘﾃｰﾅ検知ﾀｲﾌﾟ）','2',0,1,0,'49HA029421','',22,29518,'','','','',0,35422,NULL,NULL,'2017-02-20 02:28:33','2017-02-20 02:28:33',NULL),(75,'7387-7163-30','1','9.5 1P HLC','2',0,1,0,'49HA029618','CD06751',15,23866,'071A','床下','R','',0,28639,NULL,NULL,'2017-02-20 02:29:30','2017-02-20 02:29:30',NULL),(76,'7387-7163-D','N','9.5 1P HLC F','2',0,1,0,'49HA030162','',24,20180,'071A','','D','C/F@17,720　ゲージ@2,460',0,24216,NULL,NULL,'2017-02-20 02:31:07','2017-02-20 02:31:07',NULL),(77,'7387-7419-30','N','JST 025.24P-F','2',0,1,0,'49HA030185','',24,26469,'','','','専用脚付き',0,31763,NULL,NULL,'2017-02-20 02:32:02','2017-02-20 02:32:02',NULL),(78,'7387-7420-30','N','TOYOTA JST 20PF','2',0,1,0,'49HA030186','',24,23345,'','','','専用脚付き\r\n',0,28014,NULL,NULL,'2017-02-20 02:32:58','2017-02-20 02:32:58',NULL),(79,'7287-7566-30-SW','N','TH(025) 24P F 検出治具','2',0,1,0,'49HA031283','YDU12155',24,22709,'X12G','','','',10,27251,NULL,NULL,'2017-02-20 02:34:44','2017-02-20 02:34:44',NULL),(80,'7387-8129 U','N','9.5 HLC','2',0,1,0,'49HA030342','DIT6961',15,17613,'','','L','',0,21136,NULL,NULL,'2017-02-20 02:35:37','2017-02-20 02:35:37',NULL),(81,'7387-8845','1','060 2P','2',0,1,0,'49HA030871','CD07199',15,18033,'5WMA','','','在庫１個ゲージなし',0,21640,NULL,NULL,'2017-02-20 02:36:28','2017-05-09 02:16:00',NULL),(82,'89-3097B (87-7004B)','1','0.64Ⅲ16P F (ﾘﾃｰﾅ検知ﾀｲﾌﾟ)','2',0,1,0,'49HA029355','',22,34003,'','','','',0,40804,NULL,NULL,'2017-02-20 02:37:16','2017-02-20 02:37:16',NULL),(83,'7276 2958 50','N','プロテクタ組立治具','',1,0,0,'49CB006028','NAF-17-021',24,0,'100B','床下','','X41684-3D81',9,0,NULL,NULL,'2017-02-22 02:28:08','2017-06-29 04:13:20',NULL),(84,'7325-6878-51(HLC)','','C/F','',0,1,0,'','',0,0,'','','','',0,0,NULL,NULL,'2017-02-23 07:04:10','2017-02-23 07:04:34','2017-02-23 07:04:34'),(85,'21-9687(23-1424)','','レジスタ嵌合','1',0,1,0,'','',18,0,'','','','2009/10/14試作⇒量産実績なし',0,0,NULL,'file2_85.jpeg','2017-02-23 07:21:02','2017-02-23 07:40:44',NULL),(86,'7276 1030,7276 2621 5W','N','プロテクタ組立治具','',0,0,0,'49CB006032','YDU17018',24,18490,'15PL','A/C','','NAF-17-018',10,22188,NULL,NULL,'2017-02-24 00:59:05','2017-09-25 09:35:20',NULL),(87,'7176 2623 50-U','N','プロテクタ組立治具','',1,0,0,'49CB006033','YDU17019',24,5470,'15PL','A/C','','NAF-17-019',10,6564,NULL,NULL,'2017-02-24 01:01:30','2017-09-25 09:58:45',NULL),(88,'82Z6P-310B2-R','N','プロテクタ組立治具','',1,0,0,'49CB006034','YDU17020',24,5050,'15PL','A/C','','NAF-17-020',10,6060,NULL,NULL,'2017-02-24 01:02:26','2017-09-25 10:00:13',NULL),(89,'7325-5335-51-A','','エアリーク','1',0,1,0,'','',0,0,'X12K(RDC)','','','',0,0,NULL,'file2_89.jpeg','2017-02-27 04:17:25','2017-04-24 06:37:00',NULL),(90,'25-6789-51+7158-4979','2','2P(M)+ｼｰﾙﾄﾞ回路導通治具','1',0,1,0,'','F654',21,36000,'','','','作製業者：横浜テクニカ',0,43200,NULL,'file2_90.jpeg','2017-02-27 04:20:57','2017-02-27 04:25:30',NULL),(91,'7125-8414','N','C/F','1',0,1,0,'','',30,52790,'430W,751A','モーター','','作製業者：植田部品',0,63348,NULL,'file2_91.jpeg','2017-02-27 04:24:58','2017-02-27 04:24:58',NULL),(92,'25-8415','N','C/F','1',0,1,0,'','',30,44400,'430W,751A','モーター','','作製業者：植田部品',0,53280,NULL,'file2_92.jpeg','2017-02-27 04:27:01','2017-02-27 04:27:01',NULL),(93,'BBM-LOCK-NO-KAKU-SW-L','N','BBM外観プレートロック無し確認治具','',1,0,0,'49AD000086','NAF-17-022',1,0,'629W','BBM','','',5,0,NULL,NULL,'2017-03-02 07:35:07','2017-05-19 07:46:04',NULL),(94,'7284-5111.5131+5129','N','プロテクタ組立治具','',1,0,0,'49CB006045','NAF-17-024',16,0,'478W,888A','床下','','',6,0,NULL,NULL,'2017-03-03 04:16:31','2017-03-03 04:16:31',NULL),(95,'7289-5594-U+R/H','N','9.5 1P F','5',0,1,0,'49HA037391','DPE-3J-2303',1,36650,'456B','','U','',14,43980,NULL,NULL,'2017-03-07 01:54:20','2017-10-30 00:04:37',NULL),(96,'7225 8969-S-L','N','コネクタ組立治具','',1,0,0,'49BB033246','NAF-17-026',16,0,'577W','MTR','L','',10,0,NULL,NULL,'2017-03-08 00:11:15','2017-03-08 00:11:15',NULL),(97,'36CELL-BBP-GAI-1','N','BBP外観受け治具','',1,0,0,'49AD000087','NAF-17-027',8,12000,'6C2A','BBP','','',13,14400,NULL,NULL,'2017-03-08 23:52:37','2017-04-03 06:57:39',NULL),(98,'36CELL-BBP-GAI-2','N','BBP外観受け治具','',1,0,0,'49AD000088','NAF-17-028',8,12000,'6C2A','BBP','','',13,14400,NULL,NULL,'2017-03-08 23:53:37','2017-04-03 06:57:47',NULL),(99,'7225 5780-SK-L','N','コネクタ組立治具','',1,0,0,'49BB033253','YDU17022',24,3920,'15PL','A/C','L','NAF-17-029',10,4704,NULL,NULL,'2017-03-09 23:13:44','2017-04-21 01:23:32',NULL),(100,'SUB7187-2316-HOS-H-CL-J','N','引張・光誘導・上限管理機能付サブ作製治具','',0,1,0,'49HE000202','DPE-3J-2297',1,120000,'667W','低圧サブ','','',5,144000,NULL,NULL,'2017-03-10 05:36:33','2017-03-24 04:38:54',NULL),(101,'SUB7187-3423-HOS-H-CL-J','N','引張・光誘導・上限管理機能付サブ作製治具','',0,1,0,'49HE000203','DPE-3J-2297',1,120000,'667W','低圧サブ','','',5,144000,NULL,NULL,'2017-03-10 05:49:46','2017-03-24 04:39:24',NULL),(102,'SUB7187-2393-HOS-H-CL-J','N','引張・光誘導・上限管理機能付サブ作製治具','',0,1,0,'49HE000204','DPE-3J-2297',1,120000,'667W','低圧サブ','','',5,144000,NULL,NULL,'2017-03-10 05:50:07','2017-03-24 04:39:17',NULL),(103,'SUB7187-2315-30-HOS-H-CL-J','N','引張・光誘導・上限管理機能付サブ作製治具','',0,1,0,'49HE000205','DPE-3J-2298',1,120000,'667W','低圧サブ','','',5,144000,NULL,NULL,'2017-03-10 05:56:02','2017-03-24 04:38:31',NULL),(104,'SUB7187-2317-30-HOS-H-CL-J','N','引張・光誘導・上限管理機能付サブ作製治具','',0,1,0,'49HE000206','DPE-3J-2298',1,120000,'667W','低圧サブ','','',5,144000,NULL,NULL,'2017-03-10 05:57:39','2017-03-24 04:39:09',NULL),(105,'SUB7187-3424-30-HOS-H-CL-J','N','引張・光誘導・上限管理機能付サブ作製治具','',0,1,0,'49HE000207','DPE-3J-2298',1,120000,'667W','低圧サブ','','',5,144000,NULL,NULL,'2017-03-10 05:59:08','2017-03-24 04:39:32',NULL),(106,'SUB7187-3828-HOS-H-CL-J','N','引張・光誘導・上限管理機能付サブ作製治具','',0,1,0,'49HE000208','DPE-3J-2299',1,120000,'667W','低圧サブ','','',5,144000,NULL,NULL,'2017-03-10 06:00:33','2017-03-24 04:39:41',NULL),(107,'SUB7187-3830-HOS-H-CL-J','N','引張・光誘導・上限管理機能付サブ作製治具','',0,1,0,'49HE000209','DPE-3J-2299',1,120000,'667W','低圧サブ','','',5,144000,NULL,NULL,'2017-03-10 06:13:38','2017-03-24 04:39:49',NULL),(108,'EVO9SP-SW','N','バンド結束機使用確認治具','',0,1,0,'49MA001372','NAF-17-031',24,0,'ALL','ALL','','',4,0,NULL,NULL,'2017-03-10 06:14:57','2017-03-10 06:14:57',NULL),(109,'A/C LINE JIG','N','ライン引き治具','',1,0,0,'49FA000696','YDU17031',24,28070,'700W . 220B','A/C','','NAF-17-032',6,33684,NULL,NULL,'2017-03-13 04:30:29','2017-06-05 23:17:31',NULL),(110,'7387-0138-LPC','N','レバー位置確認治具','',0,1,0,'49HA037403','DPE-3J-2304',24,0,'ジャトコ','','U','',3,0,NULL,NULL,'2017-03-14 01:59:01','2017-03-14 01:59:01',NULL),(111,'7125-5214-PUSH JIG','N','防水栓押し込み治具','',0,0,1,'49YB001463','NAF-17-030',1,9600,'X12G','Q/C','','',11,11520,NULL,NULL,'2017-03-14 02:45:44','2017-04-14 07:56:00',NULL),(112,'7289 4035 51-SK-U','N','コネクタ組立治具','',1,0,0,'49BB033275','YDU17024',24,2940,'220B','床下','','NAF-17-036',14,3528,NULL,NULL,'2017-03-15 04:14:41','2017-04-21 01:25:06',NULL),(113,'7125-8840-620W','N','旗端子組立導通治具','',1,0,0,'49BK000139','YDU17026',24,3500,'620W','床下','','NAF-17-034',10,4200,NULL,NULL,'2017-03-16 02:29:54','2017-08-08 00:39:44',NULL),(114,'7125-8841-620W','N','旗端子組立導通治具','',1,0,0,'49BK000140','YDU17027',24,4600,'620W','床下','','NAF-17-035',10,5520,NULL,NULL,'2017-03-16 02:30:18','2017-08-08 00:39:18',NULL),(115,'7125 8398-2-SK','N','コネクタ組立治具','',1,0,0,'49BB033285','YDU17028',24,5630,'550W','A/C','','NAF-17-037',10,6756,NULL,NULL,'2017-03-16 02:31:02','2017-06-08 05:04:21',NULL),(116,'697W-733W-GAI','N','外観誘導用アクリル保護板(３枚セット）','',1,0,0,'49AD000089','',24,0,'697W/539W','床下','','',5,0,NULL,NULL,'2017-03-20 23:54:01','2017-05-29 08:06:26',NULL),(117,'697W-539W-GAI2','N','外観誘導用アクリル保護板','',1,0,0,'49AD000090','',24,0,'697W/539W','床下','','',5,0,NULL,NULL,'2017-03-20 23:54:20','2017-05-29 08:05:11','2017-05-29 08:05:11'),(118,'697W-539W-GAI3','N','外観誘導用アクリル保護板','',1,0,0,'49AD000091','',24,0,'697W/539W','床下','','',5,0,NULL,NULL,'2017-03-20 23:54:37','2017-05-29 08:05:15','2017-05-29 08:05:15'),(119,'641-OSIKOMIJIG','N','ゴム栓押し込み治具','',0,0,1,'49YB001468','YDU17030',24,10200,'641L','MOTOR','','NAF-17-039',11,12240,NULL,NULL,'2017-03-21 00:58:54','2017-04-12 23:09:16',NULL),(120,'JIG ASI H20MM','N','C/F用治具脚','',0,1,0,'49MA001442','YDU17034',24,1450,'790A','A/C','','NAF-17-040',6,1740,NULL,NULL,'2017-03-23 02:23:25','2017-04-05 02:16:07',NULL),(121,'7289 5594 51-SK-U+R/H','N','コネクタ組立治具','',1,0,0,'49BB033327','YDU17025',24,2960,'456B','S/P','U','NAF-17-043',14,3552,NULL,NULL,'2017-03-23 02:24:18','2017-04-21 01:25:45',NULL),(122,'15MM-SLIDE-BASE','N','スライド治具脚','',1,0,0,'49EB001098','NAF-17-042',9,36300,'790A','A/C','','',6,43560,NULL,NULL,'2017-03-27 01:25:21','2017-07-21 00:40:21',NULL),(123,'5MM-SLIDE-BASE','N','スライド治具脚','',1,0,0,'49EB001099','NAF-17-041',9,36300,'790A','A/C','','',6,43560,NULL,NULL,'2017-03-27 01:25:45','2017-07-21 00:40:31',NULL),(124,'7276 2749','N','プロテクタ組立治具','',1,0,0,'49CB006073','NAF-17-131',24,86335,'310B','床下','','旧 X41784-3032/NAF-17-048',6,103602,NULL,NULL,'2017-03-27 01:26:38','2017-07-21 01:04:05',NULL),(125,'7176 2755','N','プロテクタ組立治具','',1,0,0,'49CB006074','NAF-17-133',24,12160,'310B','床下','','旧 X31784-3043/NAF-17-049',6,14592,NULL,NULL,'2017-03-27 01:27:02','2017-07-21 01:04:41',NULL),(126,'310B-RR-MTR','N','コネクタ＋シェル＋カバー検出治具','',0,1,0,'49HA037436','DPE-3J-2305',24,0,'310B','床下','U','',6,0,NULL,NULL,'2017-03-27 01:30:09','2017-03-27 01:30:09',NULL),(127,'310B-RR-MTR+SP','N','コネクタ＋シェル＋カバー検出治具','',0,1,0,'49HA037437','DPE-3J-2306',24,0,'310B','床下','U','',6,0,NULL,NULL,'2017-03-27 01:30:34','2017-03-28 23:08:56','2017-03-28 23:08:56'),(128,'COT-RB-CUT-D19','N','コルゲート受け　１９ＳＱ　Ｗ１５　中割れ','',1,0,0,'49DB000179','YDU17032',24,3000,'577W','MTR','','NAF-17-052',10,3600,NULL,NULL,'2017-03-27 01:32:31','2017-04-21 01:24:04',NULL),(129,'COT-RB-CUT-D22','N','コルゲート受け　２２ＳＱ　Ｗ１５　中割れ','',1,0,0,'49DB000180','YDU17032',24,3000,'577W','MTR','','NAF-17-053',10,3600,NULL,NULL,'2017-03-27 01:33:02','2017-04-21 01:24:23',NULL),(130,'72-5380+42-6533','N','プロテクタ+グロメット確認治具','',0,1,0,'49KC000620','DPE-3J-2307',1,0,'625W','JC','','',15,0,NULL,NULL,'2017-03-28 04:08:06','2017-03-28 04:08:06',NULL),(131,'X31784-3030+3031','N','プロテクタ組立治具','',1,0,0,'49CB006079','NAF-17-047',24,0,'310B','床下','','',6,0,NULL,NULL,'2017-03-28 23:16:06','2017-03-28 23:16:06',NULL),(132,'X31784-3073+3074','N','プロテクタ組立治具','',1,0,0,'49CB006080','NAF-17-054',24,0,'310B','床下','','',6,0,NULL,NULL,'2017-03-28 23:16:44','2017-03-28 23:16:44',NULL),(133,'7386-8847','1','060 8P','2',0,1,0,'49HA031823','CD07415',15,32902,'5WMA','','','在庫ゲージのみ２個有',0,39482,NULL,NULL,'2017-03-29 01:39:45','2017-05-12 07:05:34',NULL),(134,'7388-4034','N','9.5 1P','2',0,1,0,'49HA034526','HV8328',15,24517,'680A','','','',0,29420,NULL,NULL,'2017-03-29 01:40:45','2017-05-12 07:07:10',NULL),(135,'7388-4034+C248','N','9.5 1P+7147-5890','2',0,1,0,'49HA034527','HV8239',15,25565,'680A','','','',0,30678,NULL,NULL,'2017-03-29 01:43:36','2017-05-12 07:07:42',NULL),(136,'7388-4825','N','9.5 1P','2',0,1,0,'49HA034528','HV8330',15,24517,'680A','','','',0,29420,NULL,NULL,'2017-03-29 01:44:50','2017-05-12 07:08:30',NULL),(137,'7289-4035-51-R+R/H','3','9.5 1P F + ﾘｱﾎﾙﾀﾞ検出治具','2',0,1,0,'49HA034249','DCF15001',20,51514,'629W','','','',14,61817,NULL,NULL,'2017-03-29 01:46:25','2017-05-12 07:09:18',NULL),(138,'7289-4035-51-U+R/H','1','9.5 1P F + ﾘｱﾎﾙﾀﾞ検出治具','2',0,1,0,'49HA034252','',1,36650,'629W','','','',14,43980,NULL,NULL,'2017-03-29 01:47:22','2017-05-12 07:10:41',NULL),(139,'7289-4036-51-L+R/H','1','9.5 1P F + ﾘｱﾎﾙﾀﾞ検出治具','2',0,1,0,'49HA035779','DCF16001',20,50674,'664W','床下','','',9,60809,NULL,NULL,'2017-03-29 01:51:55','2017-05-12 07:12:21',NULL),(140,'7289-4037-51-L+R/H','2','9.5 1P F + ﾘｱﾎﾙﾀﾞ検出治具','2',0,1,0,'49HA035778','DCF16002',20,50830,'664W','床下','','',9,60996,NULL,NULL,'2017-03-29 01:53:27','2017-05-12 07:16:20',NULL),(141,'7289-4037-51-R+R/H','3','9.5 1P F + ﾘｱﾎﾙﾀﾞ検出治具','3',0,1,0,'49HA034251','DCF15003',20,50554,'629W','','','',14,60665,NULL,NULL,'2017-03-29 01:54:37','2017-03-29 01:54:37',NULL),(142,'7289-4826-L','N','9.5 1P F (L-TYPE) 検出治具','3',0,1,0,'49HA034732','T630',2,23040,'680A','','','',14,27648,NULL,NULL,'2017-03-29 01:55:32','2017-03-29 01:55:32',NULL),(143,'7289-4827-L','N','9.5 1P F (L-TYPE) 検出治具','3',0,1,0,'49HA034733','T631',2,23040,'680A','','','',14,27648,NULL,NULL,'2017-03-29 01:56:21','2017-03-29 01:56:21',NULL),(144,'7289-6506-51-U (X1DT-5371-51)','1','0.5 SEALD CONN 20P','3',0,1,0,'49HA034429','YDU15129',24,33690,'680A','','','',13,40428,NULL,NULL,'2017-03-29 02:07:56','2017-03-29 02:07:56',NULL),(145,'7289-6507-51-U (X1DT-5372-51)','1','0.5 SEALD CONN 20P','3',0,1,0,'49HA034428','YDU15130',24,33690,'680A','','','',13,40428,NULL,NULL,'2017-03-29 02:08:57','2017-03-29 02:08:57',NULL),(146,'7289-6508-51-U (X1DT-5373-51)','1','0.5 SEALD CONN 20P','3',0,1,0,'49HA034427','YDU15131',24,33690,'680A','','','',13,40428,NULL,NULL,'2017-03-29 02:09:54','2017-03-29 02:09:54',NULL),(147,'7289-6509-51-U (X1DT-5374-51)','1','0.5 SEALD CONN 20P','3',0,1,0,'49HA034430','YDU15132',24,33690,'680A','','','',13,40428,NULL,NULL,'2017-03-29 02:10:46','2017-03-29 02:10:46',NULL),(148,'7289-6510-51-U (X1DT-5375-51)','1','0.5 SEALD CONN 20P','3',0,1,0,'49HA034431','YDU15133',24,33690,'680A','','','',13,40428,NULL,NULL,'2017-03-29 02:11:39','2017-03-29 02:11:39',NULL),(149,'X41542ME88-PRE','','BBM検出治具 サーミスタ検知SW無','1',0,1,0,'49HA035481','',1,432000,'14PL','BBM','','',13,518400,NULL,NULL,'2017-03-29 02:12:39','2017-03-29 02:12:39',NULL),(150,'J02C-GEN-A','N','J02C GEN エアリーク検査治具','',0,1,1,'49HF000793','',9,140000,'J02C','GEN','','',3,168000,NULL,'file2_150.jpeg','2017-03-29 02:50:13','2017-03-29 02:51:56',NULL),(151,'J02C-INV-A+T','N','J02C INV 耐電エアリーク検査治具','',0,1,1,'49HG000024','',9,99000,'J02C','INV','','',3,118800,NULL,'file2_151.jpeg','2017-03-29 02:51:36','2017-03-29 02:51:36',NULL),(152,'7387-7163-U','N','9.5 WP 1P F','5',0,1,0,'49HA035652','DIT8462',15,23911,'100B','床下','U','',0,28693,NULL,'file2_152.jpeg','2017-03-30 01:22:47','2017-10-26 04:19:24',NULL),(153,'7003 7222,7225 02-SK-U-SW','N','ＬＡ組立導通治具','',1,0,0,'49BK000141','YDU17048',24,4000,'14PL','床下','カシメ上','NAF-17-058',10,4800,NULL,NULL,'2017-03-30 23:12:59','2017-08-08 00:35:05',NULL),(154,'7003 1169 02-SK-U-SW','N','ＬＡ組立導通治具','',1,0,0,'49BK000142','YDU17047',24,4000,'14PL','床下','カシメ上','NAF-17-057',10,4800,NULL,NULL,'2017-03-30 23:13:26','2017-08-08 00:38:21',NULL),(155,'7325-8578','N','アライメントゲージ','',0,0,1,'49YC002636','GZAG8578',15,10557,'','','','',0,12668,NULL,NULL,'2017-03-31 00:08:36','2017-03-31 00:08:36',NULL),(156,'7382-4853','N','アライメントゲージ','',0,0,1,'49YC001020','GZAG4853',15,9595,'','','','',0,11514,NULL,NULL,'2017-03-31 00:15:27','2017-03-31 00:15:27',NULL),(157,'TERMINAL TOOL FOR AMP J.P.T ','N','AMP J.P.T 端子抜き治具','DIT3',0,0,1,'49YA000210','',1,1800,'','','','',0,2160,NULL,NULL,'2017-03-31 00:34:05','2017-10-15 23:21:56',NULL),(158,'SLK 2.8','N','SLK2.8 抜き治具','',0,0,1,'49YA000464','',1,6300,'','','','',0,7560,NULL,NULL,'2017-03-31 00:48:15','2017-04-11 05:38:43','2017-04-11 05:38:43'),(159,'7125-8969-SW-PEN','N','コネクタ組立導通治具','',1,0,0,'49BJ000088','NAF-17-059',24,0,'650W','床下','','',10,0,NULL,NULL,'2017-03-31 07:01:17','2017-04-04 02:46:24','2017-04-04 02:46:24'),(160,'7125-8414-SUB','N','サブ作製治具','',1,0,0,'49AC000677','NAF-17-060',24,0,'625W','MTR','','',2,0,NULL,NULL,'2017-04-04 04:09:44','2017-04-04 04:09:44',NULL),(161,'7125-5685-SUB','N','サブ作製治具','',1,0,0,'49AC000678','NAF-17-061',24,0,'625W','MTR','','',2,0,NULL,NULL,'2017-04-04 04:10:03','2017-04-04 04:10:03',NULL),(162,'7125-5687-SUB','N','サブ作製治具','',1,0,0,'49AC000679','NAF-17-062',24,0,'625W','MTR','','',2,0,NULL,NULL,'2017-04-04 04:13:07','2017-04-04 04:13:07',NULL),(163,'7383-0026-D-2','N','4.8　2P　HLC','',0,1,0,'49HA032196','HV7564',15,24364,'570A','','','',0,29237,NULL,'file2_163.jpeg','2017-04-04 23:53:21','2017-04-04 23:54:26',NULL),(164,'7323-7439','1','J/C SDL 33P','',0,1,0,'49HA019218','',24,26720,'','','','',0,32064,NULL,'file2_164.jpeg','2017-04-04 23:58:37','2017-04-05 00:08:15',NULL),(165,'7383-0026-R','7','4.8　2P　HLC','3',0,1,0,'49HA030003','',24,20990,'433W','A/C','R','自動解放用バルブ込@32,250　△6でも使用可　在庫ゲージのみ１個有',0,25188,NULL,'file2_165.jpeg','2017-04-05 00:07:50','2017-05-12 07:29:23',NULL),(166,'7047-2673-GAI-SW','N','外観用クランプ受け（テープ巻き有無検知センサー付き）','',1,0,0,'49AD000092','NAF-17-025',24,0,'726W','床下','','',5,0,NULL,NULL,'2017-04-05 23:11:07','2017-04-05 23:11:07',NULL),(167,'7327 6756,6758 3W-SW','N','Ｆ/Ｌ組立導通治具','',1,0,0,'49BK000143','YDU17043',24,5170,'14PL','床下','','NAF-17-063',10,6204,NULL,NULL,'2017-04-07 07:14:32','2017-06-02 07:25:39',NULL),(168,'NCI-90N YOKOKATOU','N','クランプ中継板ＡＳＳＹ横可倒式','',1,0,0,'49EB001101','NAF-17-064',10,0,'5WM/5WP','DCケーブル','','',5,0,NULL,NULL,'2017-04-10 01:53:38','2017-04-10 01:53:38',NULL),(169,'COT-RB-D19-20','N','コルゲート受け　（Ｄ19）Ｗ20','',1,0,0,'49DB000183','YDU17044',24,1500,'ALL','ALL','','NAF-17-066',10,1800,NULL,NULL,'2017-04-10 05:46:22','2017-05-10 23:12:35',NULL),(170,'7176-1842-5W+47-3449-30-GAI-SW','N','外観用プロテクタ受け','',1,0,0,'49AD000093','NAF-17-065',9,0,'706W','床下','','',5,0,NULL,NULL,'2017-04-10 07:25:50','2017-04-10 07:25:50',NULL),(171,'TCN-R','N','CN(250)メス二重係止コネクタ','DIT1',0,0,1,'49YA000050','',21,236,'','','','7223-5222　etc　ISO　RLY等',0,283,NULL,'file2_171.jpeg','2017-04-11 02:45:03','2017-10-15 23:18:03',NULL),(172,'BOSCH-1.1A','N','端子抜き治具','DIT1',0,0,1,'49YA000239','',1,5800,'','','','',0,6960,NULL,'file2_172.jpeg','2017-04-11 02:54:53','2017-10-15 23:16:20',NULL),(173,'MQS1.5','N','抜き治具','DIT1',0,0,1,'49YA000315','',1,3200,'','','','',0,3840,NULL,'file2_173.jpeg','2017-04-11 03:01:10','2017-10-15 23:16:36',NULL),(174,'VS PUSH JIG 10X10','1','VS端子押し治具','DIT1',0,0,1,'49YB001087','',1,4500,'629W 他','','','□10mm汎用押し治具△1',6,5400,NULL,'file2_174.jpeg','2017-04-11 04:08:26','2017-10-15 23:17:42',NULL),(175,'SLK2.8','N','端子抜き治具','DIT1',0,0,1,'49YA000464','',1,6300,'','','','',0,7560,NULL,'file2_175.jpeg','2017-04-11 05:37:43','2017-10-15 23:17:09',NULL),(176,'SLK2.8 ELA','N','端子抜き治具','DIT1',0,0,1,'49YA000463','',1,4400,'','','','',0,5280,NULL,'file2_176.jpeg','2017-04-11 05:41:54','2017-10-15 23:17:19',NULL),(177,'7225-5394-OSIKOMIJIG','N','リテナー押し治具','',0,0,1,'49YB001472','NAF-17-067',1,29000,'625W','','','',11,34800,NULL,NULL,'2017-04-11 23:50:20','2017-05-08 04:04:58',NULL),(178,'7386-8185-L','N','4.8 W/P 2P M','',0,1,0,'49HA036017','HV8480',15,21066,'700W','A/C','L','',10,25279,NULL,'file2_178.jpeg','2017-04-12 04:13:52','2017-04-12 04:13:52',NULL),(179,'7225 8969-SW','5','コネクタ組立・検出治具 (ｾ3で品番変更)','',1,1,0,'49BB020238','',24,39040,'071A','MOTOR','',' (新～ｾ2　25 8576-SW)',0,46848,NULL,'file2_179.jpeg','2017-04-12 04:17:08','2017-04-12 04:17:08',NULL),(180,'7325-6017-U','4','MG 3P M','',0,1,0,'49HA030075','YDU15068',24,44730,'071A','MTR','U','',0,53676,NULL,'file2_180.jpeg','2017-04-12 04:19:14','2017-04-12 04:19:14',NULL),(181,'7142-6534-U-SONYU','N','リアホルダ挿入治具','',0,0,1,'49YB001476','',24,0,'625W','分岐BOXハーネス','','',2,0,NULL,NULL,'2017-04-17 08:01:40','2017-04-18 02:25:27',NULL),(182,'7142-6534-D-SONYU','N','リアホルダ挿入治具','',0,0,1,'49YB001477','',24,0,'625W','分岐ＢＯＸハ－ネス','','',2,0,NULL,NULL,'2017-04-17 08:02:08','2017-04-18 02:25:08',NULL),(183,'J32U-TAPE-SHIKIBETSU','N','J32U スリットテープ色判別治具','',1,0,0,'49AD000094','NAF-17-068',9,0,'J32U','MOTOR','','緑',5,0,NULL,NULL,'2017-04-18 00:48:27','2017-06-14 03:01:20',NULL),(184,'7125-6017-U-2','N','コネクタ受け','',1,0,0,'49FA000707','YDU17051',24,2560,'577W','MOTOR','','NAF-17-070',10,3072,NULL,NULL,'2017-04-18 02:48:45','2017-06-02 07:29:57',NULL),(185,'7225 5405-SK-U-2','N','コネクタ組立治具','',1,0,0,'49BB033488','NAF-17-071',24,2820,'577W','MTR','','NAF-17-071',10,3384,NULL,NULL,'2017-04-19 23:11:09','2017-09-14 09:47:25',NULL),(186,'25-5306+25-5626-D','2','PDM 2P 40SQ検出治具(ｼｪﾙ付)','1',0,1,0,'49HA031873','YDU13225',24,43340,'X12G','','','',7,52008,NULL,NULL,'2017-04-24 06:28:08','2017-04-24 06:29:46',NULL),(187,' 7325-5333-51-A','','エアリーク','1',0,0,1,'','',0,0,'X12K(RDC)','','U','',0,0,NULL,NULL,'2017-04-24 06:35:30','2017-04-24 06:37:17',NULL),(188,'7225-6713-3W','','','1',0,1,0,'','',0,0,'','','','',0,0,NULL,NULL,'2017-04-24 06:54:55','2017-04-24 06:54:55',NULL),(189,'25-6819+7158-4979','','','1',0,1,0,'','F705',2,0,'','','','',0,0,NULL,NULL,'2017-04-24 07:03:27','2017-04-24 07:03:27',NULL),(190,'87-7085-D','N','0.5 24P F 導通検査治具(リテナー浮検知不可）','',0,1,0,'49HA034459','',20,50670,'14PL','','D','',13,60804,NULL,'file2_190.jpeg','2017-04-27 00:07:07','2017-04-27 00:07:07',NULL),(191,'86-1237+47-8749-U','1','9.5 1P　オス+C','',0,1,0,'49HA031882','YDU12343',24,16764,'','','','',14,20117,NULL,'file2_191.jpeg','2017-04-27 06:17:51','2017-04-27 06:17:51',NULL),(192,'7289-4037-51-L','1','9.5 1P F','5',0,1,0,'49HA036043','DCF16003',20,45770,'09PL','','','',14,54924,NULL,'file2_192.jpeg','2017-04-27 06:19:46','2017-10-26 04:18:14',NULL),(193,'DKJ-100B','N','電線規制治具','',1,0,0,'49DA000328','YDU17055',24,5810,'100B','床下','','NAF-17-074',9,6972,NULL,NULL,'2017-04-28 00:06:26','2017-09-12 00:06:19',NULL),(194,'7009 6460 02-SK-D-SW','N','LA組立導通治具','',1,0,0,'49BK000144','NAF-17-075',1,0,'5K9K','単線','カシメ下','',14,0,NULL,NULL,'2017-05-08 01:10:40','2017-05-08 01:10:40',NULL),(195,'7009 6461 02-SK-D-SW','N','LA組立導通治具','',1,0,0,'49BK000145','NAF-17-076',1,0,'5K9K','単線','カシメ下','',14,0,NULL,NULL,'2017-05-08 01:11:13','2017-05-08 01:11:13',NULL),(196,'7009 6461 02-SK-R-SW','N','LA組立導通治具','',1,0,0,'49BK000146','NAF-17-078',1,28300,'5K9K','S/P','カシメ右','',14,33960,NULL,NULL,'2017-05-08 01:11:42','2017-06-29 08:02:21',NULL),(197,'7009 6462-R+76 2781+2782-SK-SW','N','LA組立導通治具','',1,0,0,'49BK000147','NAF-17-079',1,34100,'5K9K','S/P','カシメ右','',14,40920,NULL,NULL,'2017-05-08 01:12:58','2017-06-29 08:02:40',NULL),(198,'7009 6461 02-SK-R','N','LA組立治具','',1,0,0,'49BC003378','NAF-17-077',1,20000,'5K9K','S/P','カシメ右','',14,24000,NULL,NULL,'2017-05-08 01:13:53','2017-06-29 08:03:02',NULL),(199,'7009 6462 02-SK-R','N','LA組立治具','',1,0,0,'49BC003379','NAF-17-080',1,20000,'5K9K','S/P','カシメ右','',14,24000,NULL,NULL,'2017-05-08 01:14:21','2017-06-29 08:03:12',NULL),(200,'7325-5391(8419)','1','MG側 ランス変位検出治具','1',0,1,0,'49HA031321','',24,54050,'','','','',13,64860,NULL,NULL,'2017-05-09 00:34:07','2017-05-09 00:34:07',NULL),(201,'7225-5511-5W-T','N','耐電圧（絶縁抵抗）試験用Ｃ/F','',0,1,0,'49HG000025','DPE-3J-2312',24,0,'5K9K','S/P','','',3,0,NULL,NULL,'2017-05-09 02:30:30','2017-05-09 02:32:09',NULL),(202,'25-6878-51','','','1',0,1,0,'','',0,0,'','','','',0,0,NULL,NULL,'2017-05-10 01:06:37','2017-05-10 01:06:37',NULL),(203,'7225-8987-3W-U-SENSA','N','INLET検出治具','',0,1,0,'49HA037589','DPE-3J-2267',24,0,'X12G','急速充電','U','7225-5965-3W,7285-0526-3W共用',2,0,NULL,NULL,'2017-05-10 05:00:08','2017-05-10 05:00:08',NULL),(204,'7325-8572','1','','1',0,1,0,'','',0,0,'','','','',0,0,NULL,NULL,'2017-05-11 00:24:11','2017-05-11 00:24:11',NULL),(205,'25-8647,8620,5235-3W','','I-miev 5P通常充電CONN 検出治具','2',0,1,0,'49HA032158','',24,49280,'I-miev','通常充電','','',0,59136,NULL,NULL,'2017-05-11 00:29:11','2017-05-11 00:29:11',NULL),(206,'7387-1237-51-D','','HLC  9.5 1P','2',0,1,0,'49HA030165','',24,11375,'090A','床下','D','',0,13650,NULL,NULL,'2017-05-11 00:32:41','2017-05-11 00:32:41',NULL),(207,'7387-8129-D-BL','','9.5 1P-F ','2',0,1,0,'49HA036581','DIT8667',15,22266,'680W','床下','','',9,26719,NULL,NULL,'2017-05-11 00:35:26','2017-05-11 00:56:46',NULL),(208,'7387-1769-D-BL','','9.5 HLC 1P F ','2',0,1,0,'49HA031108','',15,0,'','','','',0,0,NULL,NULL,'2017-05-11 00:37:12','2017-05-11 00:56:18',NULL),(209,'7387-8127-L','','C/F','2',0,1,0,'','',0,0,'','','','',0,0,NULL,NULL,'2017-05-11 00:42:25','2017-05-11 00:42:25',NULL),(210,'7387-8128-51-L','','9.5 1P HLC ','2',0,1,0,'49HA030585','',15,0,'','','','',0,0,NULL,NULL,'2017-05-11 00:45:31','2017-05-11 00:57:25',NULL),(211,'AA73877085','1','0.50 24P F','2',0,1,0,'49HA030030','S4620',22,0,'','','','',0,0,NULL,NULL,'2017-05-11 00:48:58','2017-05-11 00:54:39',NULL),(212,'AA73879276','','0.50 24P F','2',0,1,0,'49HA030800','S5096',22,0,'','','','',0,0,NULL,NULL,'2017-05-11 00:51:38','2017-05-11 00:51:38',NULL),(213,'7276 0927,2698','N','プロテクタ組立治具','',1,0,0,'49CB006117','NAF-17-086',16,61100,'220B','床下','','82817-220ＢＭ',10,73320,NULL,NULL,'2017-05-11 02:08:54','2017-07-27 09:09:59',NULL),(214,'7276 2699+7276 2700','N','プロテクタ組立治具','',1,0,0,'49CB006118','NAF-17-092',16,185200,'220B','床下','','82817-220ＢL,82817-220BN',10,222240,NULL,NULL,'2017-05-11 02:09:31','2017-07-27 09:10:29',NULL),(215,'7276 2699+7276 2706','N','プロテクタ組立治具','',1,0,0,'49CB006119','NAF-17-082',16,195200,'220B','床下','','82817-220ＢL,82817-220BJ',10,234240,NULL,NULL,'2017-05-11 02:10:11','2017-07-27 09:11:34',NULL),(216,'7276 2700 5W','N','プロテクタ組立治具','',1,0,0,'49CB006120','NAF-17-085',16,67000,'220B','床下','','82817-220ＢN',10,80400,NULL,NULL,'2017-05-11 02:10:44','2017-07-27 09:10:58',NULL),(217,'7276 2706 3W','N','プロテクタ組立治具','',1,0,0,'49CB006121','NAF-17-083',16,79000,'220B','床下','','82817-220ＢJ',10,94800,NULL,NULL,'2017-05-11 02:11:12','2017-07-27 09:11:56',NULL),(218,'7386-8847+C245(7147-8642)','1','060 8P+C245','2',0,1,0,'49HA031930','CDO7497',15,0,'','','','',0,0,NULL,NULL,'2017-05-11 05:13:49','2017-05-11 05:14:55',NULL),(219,'86-3304','','1.5 4P','2',0,1,0,'49HA028222','',15,14059,'','','','',0,16871,NULL,NULL,'2017-05-11 05:17:51','2017-05-11 05:17:51',NULL),(220,'7386-7503-KA','3','リアハウジング押し込み冶具','2',0,1,0,'49HD005489','YDU12069',24,33840,'970L','INV-SUB','','',13,40608,NULL,NULL,'2017-05-11 05:20:06','2017-05-11 05:20:06',NULL),(221,'7386-7503-30','','060 36P+2.3 4P','2',0,1,0,'49HA030187','',24,25710,'','','','',13,30852,NULL,NULL,'2017-05-11 05:22:56','2017-05-11 05:22:56',NULL),(222,'86-7504-30','3','TOYOTA 071A 53P','2',0,1,0,'49HA032008','',24,32990,'071A','','','',13,39588,NULL,NULL,'2017-05-11 05:24:47','2017-05-11 05:24:47',NULL),(223,'7386-8185+47-8748-R','','4.8 W/P+C  (7147-8748)','2',0,1,0,'49HA030996','HV7205',15,0,'','','R','在庫ゲージのみ１個有',0,0,NULL,NULL,'2017-05-11 05:27:08','2017-05-11 05:27:08',NULL),(224,'7386-8185-51-D','','4.8 W/P 2P','2',0,1,0,'49HA030712','HV7086',15,22045,'','','','在庫ゲージのみ２個有',0,26454,NULL,NULL,'2017-05-11 05:29:33','2017-05-11 05:29:33',NULL),(225,'7386-8185-U-2','','4.8 W/P 2P','2',0,1,0,'49HA031926','HV 7449',15,20954,'680A','','U','',0,25145,NULL,NULL,'2017-05-11 05:32:03','2017-05-11 05:32:03',NULL),(226,'7003-6000-R-SAKI','N','LA組立導通治具','',1,0,0,'49BK000148','YDU17058',24,10100,'730W','AMD','カシメ右','先端受け  NAF-17-093',15,12120,NULL,NULL,'2017-05-12 00:37:33','2017-07-06 00:51:00',NULL),(227,'7003-6131-L-SAKI','N','LA組立導通治具','',1,0,0,'49BK000149','YDU17059',24,7840,'730W','AMD','カシメ左','先端受け NAF-17-094',15,9408,NULL,NULL,'2017-05-12 00:38:06','2017-06-15 01:13:51',NULL),(228,'295L4-4NP0A-GP','N','外観検査プレート','',1,0,0,'49AD000095','NAF-17-050',1,0,'X12G 16MY','BBM','','画像検査とセットで使用',13,0,NULL,NULL,'2017-05-12 01:05:54','2017-05-12 01:05:54',NULL),(229,'295L5-4NP0A-GP','N','外観検査プレート','',1,0,0,'49AD000096','NAF-17-051',1,0,'X12G 16MY','BBM','','画像検査とセットで使用',13,0,NULL,NULL,'2017-05-12 01:06:15','2017-05-12 01:06:15',NULL),(230,'7383-0026-L','','TOYOTA 2P HLC(F)','3',0,1,0,'49HA024405','WSZ5610',15,0,'','','','在庫ゲージのみ1個有',0,0,NULL,NULL,'2017-05-12 06:48:49','2017-05-12 06:48:49',NULL),(231,'7383-1020B','','2.3* 2P F SPC','3',0,1,0,'49HA023663','K2806',22,0,'','','','',0,0,NULL,NULL,'2017-05-12 06:54:21','2017-05-12 06:54:21',NULL),(232,'7383-1573B','','0.64 25P+1.0-4 7P F (リテーナ検知タイプ）','3',0,1,0,'49HA030519','K4695',22,0,'','','','',0,0,NULL,NULL,'2017-05-12 06:56:01','2017-05-12 06:56:01',NULL),(233,'83-1061','2','090-2 6P-F','3',0,1,0,'49HA003325','',15,0,'','','','',0,0,NULL,NULL,'2017-05-12 06:58:00','2017-05-12 06:58:00',NULL),(234,'7383-1769A','1','OBD* 16P F','3',0,1,0,'49HA030522','K1123',22,0,'','','','',0,0,NULL,NULL,'2017-05-12 06:59:41','2017-05-12 06:59:41',NULL),(235,'86-8845+47-8608','','ランス変位検出治具','2',0,1,0,'49HA031792','YDU12310',24,18349,'2N45','','','',0,22019,NULL,NULL,'2017-05-12 07:02:05','2017-05-12 07:02:05',NULL),(236,'7386-9286A','','0.64Ⅱ 8P M (ｽﾗｲﾄﾞ検知ﾀｲﾌﾟ）','2',0,1,0,'49HA032594','',22,36271,'','','','',0,43525,NULL,NULL,'2017-05-12 07:05:15','2017-05-12 07:05:15',NULL),(237,'89-4036-51-R (X31387-MDJ8)','3','9.5 1P F','2',0,1,0,'49HA033437','DCF14002',20,45770,'629W','','','',14,54924,NULL,NULL,'2017-05-12 07:14:32','2017-05-12 07:14:32',NULL),(238,'89-4037-51-R (X31387-MDJ9)','3','9.5 1P F','3',0,1,0,'49HA033439','DCF14003',20,45384,'629W','','','',14,54461,NULL,NULL,'2017-05-12 07:20:04','2017-10-29 23:52:27',NULL),(239,'7383-0026-D','','4.8　2P　ＨＬＣ','3',0,1,0,'49HA030744','HV7124',15,20000,'570A','','','在庫ゲージのみ２個有',0,24000,NULL,NULL,'2017-05-12 07:26:34','2017-05-12 07:26:57',NULL),(240,'7383-0026-U','4','4.8 HLC 2P(F) ゲージ付','3',0,1,0,'49HA030004','YDU15082',24,22130,'','','','在庫ゲージのみ５個有',0,26556,NULL,NULL,'2017-05-12 07:30:46','2017-05-12 07:30:46',NULL),(241,'7383-0026-U-2','','4.8　2P　ＨＬＣ','3',0,1,0,'49HA036571','HV7447',15,26236,'570A','','','在庫ゲージのみ２個有',0,31483,NULL,'file2_241.jpeg','2017-05-12 07:33:00','2017-05-29 07:09:06',NULL),(242,'7383-0026-D-A','N','エアリーク試験用Ｃ/Ｆ(封止）','',0,1,0,'49HF000853','',24,0,'664W','A/C','下','',3,0,NULL,NULL,'2017-05-15 07:48:35','2017-05-15 07:55:20',NULL),(243,'7047 6621,0125-SW','N','クランプ組立導通治具','',1,0,0,'49CJ000249','NAF-17-096',24,0,'680W','A/C','','',10,0,NULL,NULL,'2017-05-17 08:05:07','2017-05-17 23:11:10',NULL),(244,'7176 2704 50','N','プロテクタ組立治具','',1,0,0,'49CB006124','NAF-17-087',16,68900,'220B','床下','','82817-220BQ',10,82680,NULL,NULL,'2017-05-17 08:06:07','2017-07-27 09:12:19',NULL),(245,'7242 6434+7242 6435-SK','N','BBM受け治具','',1,0,0,'49BB033598','YDU17069',24,22015,'100B','BBM','','NAF-17-088',14,26418,NULL,NULL,'2017-05-18 02:50:04','2017-08-08 00:41:03',NULL),(246,'7242-6434-GP','N','外観検査プレート','',1,0,0,'49AD000097','NAF-17-089',18,27530,'100B','BBM','','',14,33036,NULL,NULL,'2017-05-18 02:50:58','2017-09-12 00:02:53',NULL),(247,'7242-6435-GP','N','外観検査プレート','',1,0,0,'49AD000098','NAF-17-090',18,46930,'100B','BBM','','',14,56316,NULL,NULL,'2017-05-18 02:52:29','2017-09-12 00:03:09',NULL),(248,'7242-6434+7242-6435','N','BBM導通検査治具','',0,1,0,'49HA037620','DPE-3J-2313',1,0,'100B','BBM','','',14,0,NULL,NULL,'2017-05-18 02:53:27','2017-05-18 02:53:27',NULL),(249,'7289 4036 51-SK-R-2','N','コネクタ組立治具','',1,0,0,'49BB033602','NAF-17-099',24,0,'09PL','床下','右','リアホルダ無し',9,0,NULL,NULL,'2017-05-18 05:51:33','2017-05-18 05:51:33',NULL),(250,'7289 4036 51-SK-L-2','N','コネクタ組立治具','',1,0,0,'49BB033603','NAF-17-100',24,0,'09PL','床下','左','リアホルダ無し',9,0,NULL,NULL,'2017-05-18 05:52:00','2017-05-18 05:52:00',NULL),(251,'7289 4036 51-SK-D-2','N','コネクタ組立治具','',1,0,0,'49BB033604','NAF-17-101',24,0,'09PL','床下','下','リアホルダ無し',9,0,NULL,NULL,'2017-05-18 05:52:33','2017-05-18 05:52:33',NULL),(252,'7289 4037 51-SK-R-2','N','コネクタ組立治具','',1,0,0,'49BB033605','NAF-17-102',24,0,'09PL','床下','右','リアホルダ無し',9,0,NULL,NULL,'2017-05-18 05:53:04','2017-05-18 05:55:51',NULL),(253,'7289 4037 51-SK-L-2','N','コネクタ組立治具','',1,0,0,'49BB033606','NAF-17-103',24,0,'09PL','床下','左','リアホルダ無し',9,0,NULL,NULL,'2017-05-18 05:53:41','2017-05-18 05:53:41',NULL),(254,'7289 4037 51-SK-D-2','N','コネクタ組立治具','',1,0,0,'49BB033607','NAF-17-104',24,0,'09PL','床下','下','リアホルダ無し',9,0,NULL,NULL,'2017-05-18 05:54:05','2017-05-18 05:54:05',NULL),(255,'7187 8854-K','N','コネクタ組立治具','',1,0,0,'49BB033611','T642',2,0,'5WJ','チャデモ','','横出し受け治具(プッシュロック付き)  NAF-17-105',13,0,'file1_255.tiff',NULL,'2017-05-19 05:41:20','2017-09-04 01:20:32',NULL),(256,'7187 8854-SK-D','N','コネクタ組立治具','',1,0,0,'49BB033612','YDU17071',24,3480,'5WJ','チャデモ','','ストレート受け治具(FPブロック)  NAF-17-106',13,4176,NULL,NULL,'2017-05-19 05:42:21','2017-07-30 23:15:38',NULL),(257,'7282 2042+7147 8985-K','N','コネクタ組立治具','',1,0,0,'49BB033613','T643',2,0,'5WJ','チャデモ','','横出し受け治具(プッシュロック付き)  NAF-17-107',13,0,'file1_257.tiff',NULL,'2017-05-19 05:43:37','2017-09-04 01:19:04',NULL),(258,'7282 2042+7147 8985-SK-U','N','コネクタ組立治具','',1,0,0,'49BB033614','T644',2,0,'5WJ','チャデモ','上','ストレート受け治具（プッシュロック付き）  NAF-17-108',13,0,'file1_258.tiff',NULL,'2017-05-19 05:45:19','2017-09-04 01:19:47',NULL),(259,'BBM-LOCK-NO-KAKU-SW-R','N','BBM外観プレートロック無し確認治具','',1,0,0,'49AD000099','NAF-17-022',1,0,'629W LI','BBM','','',5,0,NULL,NULL,'2017-05-19 07:47:06','2017-05-19 07:49:02',NULL),(260,'7176 2702','N','プロテクタ組立治具','',1,0,0,'49CB006135','NAF-17-084',16,114500,'220B','床下','','82817-220ＢＫ',10,137400,NULL,NULL,'2017-05-23 23:09:55','2017-07-27 09:12:41',NULL),(261,'SUBVS-SUB-PRT-L-PL','N','ＶＳサブＬＥＤ誘導','',0,1,0,'49HE000211','DPE-3J-2317',9,116000,'456B','サーミスタＷ/Ｈ','','',5,139200,NULL,NULL,'2017-05-24 02:14:03','2017-10-20 02:39:16',NULL),(262,'7285-0037-51-U','N','INV 2P 導通検査治具','',0,1,0,'49HA037646','DPE-3J-2319',24,0,'100B','床下','上','',9,0,NULL,NULL,'2017-05-24 07:41:21','2017-05-24 07:41:21',NULL),(263,'7285 0037 51-SK-U','N','コネクタ組立治具','',1,0,0,'49BB033656','NAF-17-113',24,0,'100B','床下','上','',9,0,NULL,NULL,'2017-05-24 07:42:17','2017-05-24 07:42:17',NULL),(264,'7222-7544-40-S','','ストレート受け','EV前',1,0,0,'49BB002632','',12,950,'','','','',0,1140,NULL,NULL,'2017-05-25 06:18:23','2017-05-25 06:18:23',NULL),(265,'7047-3071-30','','クランプ受け','EV前',1,0,0,'49CA004032','',12,360,'','','','',0,432,NULL,NULL,'2017-05-25 06:20:58','2017-05-25 06:20:58',NULL),(266,'7047-3269-30','','クランプ受け','EV前',1,0,0,'49CA003347','',12,340,'','','','',0,408,NULL,NULL,'2017-05-25 06:31:11','2017-05-25 06:31:11',NULL),(267,'7047-3334','','クランプ受け','EV前',1,0,0,'49CA002525','',12,300,'','','','',0,360,NULL,NULL,'2017-05-25 06:32:04','2017-05-25 06:32:04',NULL),(268,'7047-3640-30','','クランプ受け','EV前',1,0,0,'49CA300064','',12,460,'','','','',0,552,NULL,NULL,'2017-05-25 06:33:05','2017-05-25 06:33:05',NULL),(269,'7047-3782-40','3','クランプ受け','EV前',1,0,0,'49CA000896','',12,300,'','','','',0,360,NULL,NULL,'2017-05-25 06:34:11','2017-05-25 06:34:11',NULL),(270,'7047-3844','2','クランプ受け','EV前',1,0,0,'49CA000981','',12,320,'','','','',0,384,NULL,NULL,'2017-05-25 06:35:20','2017-05-25 06:35:20',NULL),(271,'7047-3897-90','','クランプ受け','EV前',1,0,0,'49CA002052','',12,380,'','','','',0,456,NULL,NULL,'2017-05-25 06:36:16','2017-05-25 06:36:16',NULL),(272,'7047-3961-30','','クランプ受け','EV前',1,0,0,'49CA003476','',12,420,'','','','',0,504,NULL,NULL,'2017-05-25 06:37:07','2017-05-25 06:37:07',NULL),(273,'7047-5373','','クランプ受け','EV前',1,0,0,'49CA300215','',12,350,'','','','',0,420,NULL,NULL,'2017-05-25 06:38:26','2017-05-25 06:38:26',NULL),(274,'7047-5467-30','','クランプ受け','EV前',1,0,0,'49CA000351','',12,350,'','','','',0,420,NULL,NULL,'2017-05-25 06:41:01','2017-05-25 06:41:01',NULL),(275,'7047-6706-30','','クランプ受け','EV前',1,0,0,'49CA000914','',12,400,'','','','',0,480,NULL,NULL,'2017-05-25 06:43:45','2017-05-25 06:43:45',NULL),(276,'7047-6707-30','','クランプ受け','EV前',1,0,0,'49CA000915','',12,420,'','','','',0,504,NULL,NULL,'2017-05-25 06:44:34','2017-05-25 06:44:34',NULL),(277,'7047-6709-30','','クランプ受け','EV前',1,0,0,'49CA000921','',12,420,'','','','',0,504,NULL,NULL,'2017-05-25 06:45:17','2017-05-25 06:45:17',NULL),(278,'7047-6715-30','','クランプ受け','EV前',1,0,0,'49CA000897','',12,320,'','','','',0,384,NULL,NULL,'2017-05-25 06:46:03','2017-05-25 06:46:03',NULL),(279,'7047-7662-30','','クランプ受け','EV前',1,0,0,'49CA004880','',12,560,'','','','',0,672,NULL,NULL,'2017-05-25 06:46:47','2017-05-25 06:46:47',NULL),(280,'7047-8012','','クランプ受け','EV前',1,0,0,'49CA300311','',12,480,'','','','',0,576,NULL,NULL,'2017-05-25 06:47:32','2017-05-25 06:47:32',NULL),(281,'7047-8012-2','','クランプ受け','EV前',1,0,0,'49CA000248','',12,480,'','','','',0,576,NULL,NULL,'2017-05-25 06:48:15','2017-05-25 06:48:15',NULL),(282,'7047-8171','','クランプ受け','EV前',1,0,0,'49CA002526','',12,320,'','','','',0,384,NULL,NULL,'2017-05-25 06:49:04','2017-05-25 06:49:04',NULL),(283,'TESA-CUT-DIT','2','テサテープカッター','EV前',0,0,1,'49YZ000010','',24,3200,'','','','',0,3840,NULL,NULL,'2017-05-25 06:50:21','2017-05-25 06:50:21',NULL),(284,'7154-5262','','コネクタ受け','EV前',1,0,0,'49BB002317','',12,850,'','','','',0,1020,NULL,NULL,'2017-05-25 06:51:12','2017-05-25 06:51:12',NULL),(285,'7154-5263','','コネクタ受け','',1,0,0,'49BB002381','',12,2000,'','','','',0,2400,NULL,NULL,'2017-05-25 06:52:07','2017-05-26 00:31:41',NULL),(286,'7282-1148','','コネクタ受け','EV前',1,0,0,'49BB014607','',12,800,'','','','',0,960,NULL,NULL,'2017-05-25 06:52:58','2017-05-25 06:52:58',NULL),(287,'7283-1027,2415-30-S','','コネクタ受け','EV前',1,0,0,'49BB012388','',12,710,'','','','',0,852,NULL,NULL,'2017-05-25 06:53:47','2017-05-25 06:53:47',NULL),(288,'7283-1032-30-S','','ストレート受け','EV前',1,0,0,'49BB011636','',12,750,'','','','',0,900,NULL,NULL,'2017-05-25 06:54:47','2017-05-25 06:54:47',NULL),(289,'7283-1032-40-S','','コネクタ受け','EV前',1,0,0,'49BB012387','',12,750,'','','','',0,900,NULL,NULL,'2017-05-25 06:55:40','2017-05-25 06:55:40',NULL),(290,'7283-1034-30-S','','コネクタ受け','EV前',1,0,0,'49BB012547','',12,760,'','','','',0,912,NULL,NULL,'2017-05-25 06:56:25','2017-05-25 06:56:25',NULL),(291,'7283-1066-40-S','','コネクタ受け','EV前',1,0,0,'49BB002839','',12,750,'','','','',0,900,NULL,NULL,'2017-05-25 06:57:13','2017-05-25 06:57:13',NULL),(292,'7283-1288-10-S','','コネクタ受け','EV前',1,0,0,'49BB013409','',12,750,'','','','',0,900,NULL,NULL,'2017-05-25 06:58:11','2017-05-25 06:58:11',NULL),(293,'7283-1684','','コネクタ受け','EV前',1,0,0,'49BB006913','',12,950,'','','','',0,1140,NULL,NULL,'2017-05-25 06:59:16','2017-05-25 06:59:16',NULL),(294,'7283-5832-S','','コネクタ受け','EV前',1,0,0,'49BB012385','',12,710,'','','','',0,852,NULL,NULL,'2017-05-25 07:00:50','2017-05-25 07:00:50',NULL),(295,'7283-8782-40-S','','コネクタ受け','EV前',1,0,0,'49BB004766','',12,710,'','','','',0,852,NULL,NULL,'2017-05-25 07:01:41','2017-05-25 07:01:41',NULL),(296,'7283-8794-70','','コネクタ受け','EV前',1,0,0,'49BB012693','',12,720,'','','','',0,864,NULL,NULL,'2017-05-25 07:02:25','2017-05-25 07:02:25',NULL),(297,'7173-3313-40-SHIKIBETSU-SEIGYO','N','浸水対策部材検出治具用制御一式','',0,1,0,'49MA001447','NAF-15-278',9,0,'664W','床下','','',5,0,NULL,NULL,'2017-05-25 07:13:42','2017-05-25 07:13:42',NULL),(298,'7154-5262-30','','コネクタ受け','EV前',1,0,0,'','',12,0,'','','','',0,0,NULL,NULL,'2017-05-26 00:31:18','2017-05-26 00:31:18',NULL),(299,'7154-5263-30','','コネクタ受け','EV前',1,0,0,'','',12,0,'','','','',0,0,NULL,NULL,'2017-05-26 00:32:08','2017-05-26 00:32:08',NULL),(300,'7285-0037-ATUNYUH','N','ゴム栓・リアホルダ圧入治具','',0,0,1,'49YB001488','NAF-17-109',24,0,'100B','床下','','',2,0,NULL,NULL,'2017-05-26 02:29:52','2017-05-26 02:29:52',NULL),(301,'X416-843C-58','N','プロテクタ組立治具','',1,0,0,'49CB006137','NAF-16-198',1,0,'456B','サーミスタW/H','','',15,0,NULL,NULL,'2017-05-26 02:58:56','2017-05-26 02:58:56',NULL),(302,'25-8376-51+7147-8696-60','1','6.3 SHIELD TYPE 2P','3',0,1,0,'','F555',30,40445,'','','','横浜テクニカ',0,48534,NULL,NULL,'2017-05-26 05:51:31','2017-05-26 05:51:31',NULL),(303,'7383-0520-BL','','TOYOTA 4P HLC F','3',0,1,0,'49HA026462','WSZ6009',15,23638,'523W','電池パック','','TNS @ 41602',0,28366,NULL,NULL,'2017-05-26 05:53:16','2017-05-26 05:53:16',NULL),(304,'7383-0522','','HLC 2.3 10P','3',0,1,0,'49HA023876','CD05518',15,35300,'','','','在庫品ゲージなし',0,42360,NULL,NULL,'2017-05-26 05:54:09','2017-05-26 05:55:37',NULL),(305,'83-0538','1','025 36P','3',0,1,0,'49HA024917','',24,20670,'','','','',0,24804,NULL,NULL,'2017-05-26 05:54:59','2017-05-26 05:54:59',NULL),(306,'7383-0780','','CP 1P 187 F ﾗﾝｽ変位検出治具','3',0,1,0,'49HA031155','YQ11863',23,13975,'','','','',0,16770,NULL,NULL,'2017-05-26 05:56:32','2017-05-26 05:56:32',NULL),(307,'7383-0931-SW L','1','025 32P','3',0,1,0,'49HA030468','HV7048',15,29811,'X61E','BBM','L','',0,35773,NULL,NULL,'2017-05-26 05:57:36','2017-05-26 05:57:36',NULL),(308,'7383-0935-SW-L','','025 24P','3',0,1,0,'49HA030469','HV7049',15,51000,'X61E','BBM','L','在庫ゲージのみ1個有',0,61200,NULL,NULL,'2017-05-26 05:58:50','2017-05-26 07:16:15',NULL),(309,'83-1010','2','090Ⅱ 1P','3',0,1,0,'49HA003302','',24,10510,'','','','',0,12612,NULL,NULL,'2017-05-26 05:59:42','2017-05-26 05:59:42',NULL),(310,'83-1027','3','090Ⅱ 2P','3',0,1,0,'49HA003396','',24,11440,'','','','',0,13728,NULL,NULL,'2017-05-26 06:00:29','2017-05-26 06:00:29',NULL),(311,'83-1044','4','090Ⅱ 4P','3',0,1,0,'49HA003386','',24,11170,'','','','',0,13404,NULL,NULL,'2017-05-26 06:21:10','2017-05-26 06:21:10',NULL),(312,'83-1050','4','090-2 5P-F','3',0,1,0,'49HA003382','',15,13596,'256A','電池パック','R','',0,16315,NULL,NULL,'2017-05-26 06:22:08','2017-05-26 06:22:08',NULL),(313,'83-1065','3','187 6P-F','3',0,1,0,'49HA009870','',15,13215,'','','','',0,15858,NULL,NULL,'2017-05-26 06:23:07','2017-05-26 06:23:07',NULL),(314,'7383-1120A','','2.3Ⅱ 12P F (ｼｬﾌﾄ ｽﾄｯﾌﾟﾀｲﾌﾟ)','3',0,1,0,'49HA100500','',22,30957,'','','','',0,37148,NULL,NULL,'2017-05-26 06:23:51','2017-05-26 06:23:51',NULL),(315,'83-1138','1','090Ⅱ 3P','3',0,1,0,'49HA003470','',24,10890,'','','','',0,13068,NULL,NULL,'2017-05-26 06:24:37','2017-05-26 06:24:37',NULL),(316,'7383-1145A','','','3',0,0,0,'49HA101765','',22,0,'','','','',0,0,NULL,NULL,'2017-05-26 06:25:18','2017-05-26 06:25:18',NULL),(317,'83-1160','3','090Ⅱ16P','3',0,1,0,'49HA017635','',24,13825,'','','','',0,16590,NULL,NULL,'2017-05-26 06:26:03','2017-05-26 06:26:03',NULL),(318,'83-1210','','187 1P','3',0,1,0,'49HA005229','',24,9400,'','','','',0,11280,NULL,NULL,'2017-05-26 06:26:51','2017-05-26 06:26:51',NULL),(319,'83-1266','2','090Ⅱ W/P 6P F','3',0,1,0,'49HA003533','',15,17400,'','','','',0,20880,NULL,NULL,'2017-05-26 06:27:48','2017-05-26 06:27:48',NULL),(320,'83-1288','3','C/F','3',0,1,0,'49HA017429','',15,9027,'','','','',0,10832,NULL,NULL,'2017-05-26 06:28:28','2017-05-26 06:28:28',NULL),(321,'83-1288-40-A','','防水栓検知用C/F','3',0,1,1,'','',24,19540,'I-MIEV','急速充電','','工程内不良で空栓無しが多発の為設定(松村)',0,23448,NULL,NULL,'2017-05-26 06:29:32','2017-05-26 06:29:32',NULL),(322,'7383-1407A','','2.3 10P W/P (F)','3',0,1,0,'49HA018411','',22,17169,'','','','',0,20603,NULL,NULL,'2017-05-26 06:30:30','2017-05-26 06:30:30',NULL),(323,'83-1407-L','','2.3 10P W/P (F)','3',0,1,0,'49HA032718','DCF13007',20,18631,'','','L','',7,22357,NULL,NULL,'2017-05-26 06:31:30','2017-05-26 06:31:30',NULL),(324,'7383-1615','','HLC 4.8 1P F','3',0,1,0,'49HA023820','WSZ4559',15,18661,'','','','@28,254 丹心工業から購入',0,22393,NULL,NULL,'2017-05-26 06:33:04','2017-05-26 06:33:04',NULL),(325,'83-2055-R(83-1575)','1','025+040 35P(83-1575','3',0,1,0,'49HA023107','',24,18780,'230A','電池パック','R','',0,22536,NULL,NULL,'2017-05-26 06:35:01','2017-05-26 06:35:18',NULL),(326,'83-2219,4577','','064Ⅱ10Pメス','5',0,1,0,'49HA022709','',24,13945,'256A','電池パック','R','',0,16734,NULL,NULL,'2017-05-26 06:36:24','2017-05-26 06:36:47',NULL),(327,'83-2413','','090Ⅱ 1P F(HLC)','3',0,1,0,'49HA017348','WSZ4365',15,17165,'','','','在庫品ゲージなし',0,20598,NULL,NULL,'2017-05-26 06:37:48','2017-05-26 06:37:48',NULL),(328,'7383-2414','','C/F','3',0,1,0,'49HA030733','',23,19168,'','','','',0,23002,NULL,NULL,'2017-05-26 06:38:32','2017-05-26 06:38:32',NULL),(329,'7383-2419','','4P F HLC ','5',0,1,0,'49HA017352','WSZ4369',15,18405,'523W','電池パック','','在庫品ゲージなし',0,22086,NULL,NULL,'2017-05-26 06:39:52','2017-05-26 06:39:52',NULL),(330,'83-3013','3','312 W/P 1P-F','5',0,1,0,'49HA003597','',15,15321,'','','','',0,18385,NULL,NULL,'2017-05-26 06:41:54','2017-05-26 06:41:54',NULL),(331,'83-3210-D','','9.5 2P SEALD CONNECTOR','5',0,1,0,'','',18,15815,'071A','床下','D','',0,18978,NULL,NULL,'2017-05-26 06:42:58','2017-05-26 06:42:58',NULL),(332,'83-3908','1','064Ⅲ12P','5',0,1,0,'49HA022938','',24,14587,'','','','',0,17504,NULL,NULL,'2017-05-26 06:43:56','2017-05-26 06:43:56',NULL),(333,'83-4204','','0.64Ⅲ8P F','5',0,1,0,'49HA026081','',15,13507,'230A、523W','電池パック','R','',0,16208,NULL,NULL,'2017-05-26 06:45:04','2017-05-26 06:45:04',NULL),(334,'83-4259','1','CP 4P 025 F I/F','5',0,1,0,'49HA024632','YQ05709',23,4978,'','BBP','','',0,5974,NULL,NULL,'2017-05-26 06:46:00','2017-05-29 05:47:32',NULL),(335,'83-4259-F','1','0P 4P 025 F','',0,1,0,'49HA034473','YDU15280',24,14994,'5WMA','','','',7,17993,NULL,NULL,'2017-05-26 06:49:00','2017-05-26 06:54:31',NULL),(336,'7383-4272A','','064(防水)10F','5',0,1,0,'49HA019190','',22,23115,'','','','',0,27738,NULL,NULL,'2017-05-26 06:55:22','2017-05-26 06:55:22',NULL),(337,'7383-4577','6','0.64Ⅱ 10P F','5',0,1,0,'49HA021678','CD05090',15,41345,'','','','',0,49614,NULL,NULL,'2017-05-26 06:56:14','2017-05-26 06:56:14',NULL),(338,'83-4854','','064Ⅲ18P','5',0,1,0,'49HA028006','',15,16723,'','','','',0,20068,NULL,NULL,'2017-05-26 06:57:05','2017-05-26 06:57:05',NULL),(339,'7383-5843A','6','1.0Ⅲ 16P+2.3Ⅱ 4P F ﾘﾃｰﾅ検知ﾀｲﾌﾟ','5',0,1,0,'49HA011001','',22,29559,'','','','',0,35471,NULL,NULL,'2017-05-26 06:57:45','2017-05-26 06:57:45',NULL),(340,'7283-5845B','6','040Ⅲ 2F','5',0,1,0,'49HA028473','',22,16440,'','','','',0,19728,NULL,NULL,'2017-05-26 06:58:27','2017-05-26 06:58:27',NULL),(341,'83-4003,4263','1','064Ⅱ24P F / 025 24P F','5',0,1,0,'49HA024828','',24,17204,'','','','',0,20645,NULL,NULL,'2017-05-26 07:25:18','2017-06-01 01:27:48',NULL),(342,'7289 5476 51-L-2','N','コネクタ組立治具','',1,0,0,'49BB033671','YDU17077',24,4300,'310B','床下','左','NAF-17-117',6,5160,NULL,NULL,'2017-05-29 00:49:13','2017-07-13 23:13:09',NULL),(343,'7289-5476-51-D-SW-2','N','PN CONN 検出治具','',0,1,0,'49HA037665','YDU17078',24,10770,'310B','床下','下','NAF-17-118',6,12924,NULL,NULL,'2017-05-29 00:50:07','2017-07-13 23:13:45',NULL),(344,'7287-0138-30-SONYU','N','端子挿入用サブ治具','',1,0,0,'49AC000684','NAF-17-073',1,0,'ジャトコ','SUB','','',15,0,NULL,NULL,'2017-05-29 01:08:39','2017-05-29 01:08:39',NULL),(345,'83-2819','','064 16P','5',0,1,0,'49HA026628','',15,0,'','','','',0,0,NULL,NULL,'2017-05-29 05:40:39','2017-05-29 05:40:39',NULL),(346,'7383-2819','','CP 16P 025F 検出治具','5',0,1,0,'49HA030501','',23,19011,'','','','',0,22813,NULL,NULL,'2017-05-29 05:41:31','2017-09-13 23:50:33',NULL),(347,'7383-2932-40','','0.64-2 28P+1.0 J-2 7P F 検出治具','5',0,1,0,'49HA029559','',23,0,'','','','',0,0,NULL,NULL,'2017-05-29 05:42:17','2017-05-29 05:42:45',NULL),(348,'7383-2942-40','','0.64-2 29P+10 J-2 6P F 検出治具','5',0,1,0,'49HA029558','',23,0,'','','','',0,0,NULL,NULL,'2017-05-29 05:43:34','2017-05-29 05:43:34',NULL),(349,'7383-2943-40','','040J-7P+025-2 24P','5',0,1,0,'49HA019517','',19,0,'','','','',0,0,NULL,NULL,'2017-05-29 05:44:25','2017-05-29 05:44:25',NULL),(350,'83-3011','','312 1P-F','5',0,1,0,'49HA003596','',15,0,'','','','',0,0,NULL,NULL,'2017-05-29 05:45:06','2017-05-29 05:45:06',NULL),(351,'7383-4259','','CP 4P 025F 検出治具','5',0,1,0,'49HA024632','',23,0,'','','','',0,0,NULL,NULL,'2017-05-29 05:46:00','2017-05-29 05:46:55','2017-05-29 05:46:55'),(352,'7383-4259-90','','CP 4P 025 F 検出治具','5',0,1,0,'49HA031759','',23,0,'','','','',0,0,NULL,NULL,'2017-05-29 05:48:29','2017-05-29 05:48:29',NULL),(353,'7383-3908B','4','0.64-3 12P F (リテーナ検知タイプ) ','5',0,1,0,'49HA023103','',22,0,'','','','',0,0,NULL,NULL,'2017-05-29 05:49:54','2017-05-29 05:49:54',NULL),(354,'7289-4036-51-U+R/H','1','9.5 1P F + ﾘｱﾎﾙﾀﾞ検出治具','',0,1,0,'49HA034253','',1,36650,'15PL(310B)','ファイナル治具','','',6,43980,NULL,'file2_354.jpeg','2017-05-29 07:02:41','2017-05-29 07:04:23',NULL),(355,'7289-4037-51-U (X31387-MDJ9)','4','9.5 1P F','5',0,1,0,'49HA033440','',1,36350,'15PL(310B)','ファイナル治具','','',6,43620,NULL,'file2_355.jpeg','2017-05-29 07:06:11','2017-10-29 23:53:46',NULL),(356,'7289 4036 51-SK-L-KAKE+R/H','N','コネクタ組立治具　自動合格印用','',1,0,0,'49BB033682','YDU17073',24,3550,'310B','床下','左','NAF-17-119',5,4260,NULL,NULL,'2017-05-30 02:07:02','2017-06-20 09:21:49',NULL),(357,'7289 4036 51-SK-L-KAKE','N','コネクタ組立治具　自動合格印用','',1,0,0,'49BB033683','YDU17074',24,3550,'310B','床下','左','NAF-17-120',5,4260,NULL,NULL,'2017-05-30 02:07:33','2017-06-20 09:21:23',NULL),(358,'7009-6001-02-SK-U','N','LA組立導通治具','',1,0,0,'49BK000150','NAF-17-121',1,27000,'5WJ','JB','上','',15,32400,NULL,NULL,'2017-05-31 00:50:32','2017-06-28 23:34:02',NULL),(359,'7383-0026+7134-8341-U','','','3',0,1,0,'','',0,0,'','','','在庫ゲージだけ1個有',0,0,NULL,NULL,'2017-06-01 01:31:50','2017-06-01 01:31:50',NULL),(360,'83-0627','','312W/P 2P','3',0,1,0,'49HA024131','',15,0,'','','','',0,0,NULL,NULL,'2017-06-01 01:33:56','2017-06-01 01:33:56',NULL),(361,'7047-6521-10-GAI','N','外観監査用クランプ受け','',1,0,0,'49AD000100','NAF-17-123',8,0,'680W','A/C','','かみ込み下',5,0,NULL,NULL,'2017-06-02 01:52:03','2017-06-02 01:53:35',NULL),(362,'7047-0150-10-GAI','N','外観監査用クランプ受け','',1,0,0,'49AD000101','NAF-17-123',8,0,'680W','A/C','','横上オフセット取付',5,0,NULL,NULL,'2017-06-02 01:54:21','2017-06-02 01:54:21',NULL),(363,'7047-0125-30-U-GAI','N','外観監査用クランプ受け','',1,0,0,'49AD000102','NAF-17-123',8,0,'680W','A/C','','上取付',5,0,NULL,NULL,'2017-06-02 01:55:00','2017-06-02 01:55:00',NULL),(364,'7047-3707-40-D-GAI','N','外観監査用クランプ受け','',1,0,0,'49AD000103','NAF-17-123',8,0,'680W','A/C','','下取付',5,0,NULL,NULL,'2017-06-02 01:55:31','2017-06-02 01:55:31',NULL),(365,'7124-3600-GAI','N','外観監査用プロテクタ受け','',1,0,0,'49AD000104','NAF-17-123',8,0,'680W','A/C','','',5,0,NULL,NULL,'2017-06-02 01:56:14','2017-06-02 01:56:14',NULL),(366,'7047-0125-30-GAI','N','外観監査用クランプ受け','',1,0,0,'49AD000105','NAF-17-123',8,0,'680W','A/C','','横上オフセット取付',5,0,NULL,NULL,'2017-06-02 01:57:05','2017-06-02 01:57:05',NULL),(367,'7283-0026-51-GAI','N','外観監査用コネクタ受け','',1,0,0,'49AD000106','NAF-17-123',8,0,'680W','A/C','上','',5,0,NULL,NULL,'2017-06-02 01:57:41','2017-06-02 01:57:41',NULL),(368,'DOJ-SQ-ST-L55','N','受け用ステー','',1,0,0,'49EB001102','YDU17079',24,1150,'ALL','','','NAF-17-124',10,1380,NULL,NULL,'2017-06-05 04:01:19','2017-06-15 01:12:35',NULL),(369,'456B-VS-SUB-G','N','アライメントゲージ','',0,0,1,'49YC003785','DPE-3J-2318',9,0,'456B','サーミスタＷ/Ｈ','','',5,0,NULL,NULL,'2017-06-05 06:15:21','2017-06-05 06:15:21',NULL),(370,'DLI','','抜き治具','DIT4',0,0,1,'49YA000056','',15,476,'','','','',0,571,NULL,NULL,'2017-06-08 00:47:38','2017-10-15 23:22:50',NULL),(371,'7176 2822','N','プロテクタ組立治具','',1,0,0,'49CB006160','NAF-17-126',24,36210,'456B','排煙サーミスタ','','',15,43452,NULL,NULL,'2017-06-09 02:51:56','2017-08-29 23:31:12',NULL),(372,'7176 2823','N','プロテクタ組立治具','',1,0,0,'49CB006161','NAF-17-127',24,48170,'456B','排煙サーミスタ','','',15,57804,NULL,NULL,'2017-06-09 02:53:16','2017-08-29 23:31:50',NULL),(373,'7176 2824','N','プロテクタ組立治具','',1,0,0,'49CB006162','NAF-17-128',24,36210,'456B','排煙サーミスタ','','',15,43452,NULL,NULL,'2017-06-09 02:53:31','2017-08-29 23:32:08',NULL),(374,'7176 2825','N','プロテクタ組立治具','',1,0,0,'49CB006163','NAF-17-129',24,48170,'456B','排煙サーミスタ','','',15,57804,NULL,NULL,'2017-06-09 02:53:53','2017-08-29 23:32:40',NULL),(375,'J32U-TAPE-SHIKIBETSU-GY','N','J32U スリットテープ色識別治具','',1,0,0,'49AD000107','NAF-17-068',9,0,'J32U','MOTOR','','灰色',5,0,NULL,NULL,'2017-06-14 03:00:54','2017-06-14 03:00:54',NULL),(376,'KEIRO-UKE-40','1','コルゲート受け','',1,0,0,'49DB000184','YDU17087',24,1410,'220B','床下','','Ｗ40   NAF-17-135',10,1692,NULL,NULL,'2017-06-14 07:56:55','2017-09-12 00:05:40',NULL),(377,'7176 2754','N','プロテクタ組立治具','',1,0,0,'49CB006168','NAF-17-132',24,12160,'310B','床下','','',6,14592,NULL,NULL,'2017-06-14 08:00:13','2017-07-21 01:04:21',NULL),(378,'7276 2710 3W-SUB','N','プロテクタ組立治具','',1,0,0,'49CB006169','NAF-17-139',16,0,'HP5P','A/C','','',10,0,'file1_378.tiff',NULL,'2017-06-19 04:54:58','2017-08-24 00:50:28',NULL),(379,'7276 2710 3W-FIN','N','プロテクタ組立治具','',1,0,0,'49CB006170','NAF-17-140',16,0,'HP5P','A/C','','',10,0,'file1_379.tiff',NULL,'2017-06-19 04:55:22','2017-08-24 00:50:10',NULL),(380,'7276 2711 3W','N','プロテクタ組立治具','',1,0,0,'49CB006171','NAF-17-141',16,0,'HP5P','A/C','','',10,0,'file1_380.tiff',NULL,'2017-06-19 04:55:44','2017-08-24 00:50:51',NULL),(381,'7276 2713 3W','N','プロテクタ組立治具','',1,0,0,'49CB006172','NAF-17-142',16,0,'HP5P','A/C','','',10,0,'file1_381.tiff',NULL,'2017-06-19 04:56:02','2017-08-24 00:51:20',NULL),(382,'7276 2715 30','N','プロテクタ組立治具','',1,0,0,'49CB006173','NAF-17-143',16,0,'HP5P','A/C','','',10,0,'file1_382.tiff',NULL,'2017-06-19 04:56:25','2017-08-24 00:51:39',NULL),(383,'7276 2716 3W','N','プロテクタ組立治具','',1,0,0,'49CB006174','NAF-17-144',16,0,'HP5P','A/C','','',10,0,'file1_383.tiff',NULL,'2017-06-19 04:56:43','2017-08-24 00:52:03',NULL),(384,'7276 2718 3W-SUB','N','プロテクタ組立治具','',1,0,0,'49CB006175','NAF-17-145',16,0,'HP5P','A/C','','',10,0,'file1_384.tiff',NULL,'2017-06-19 04:57:01','2017-08-24 00:52:37',NULL),(385,'7276 2718 3W-FIN','N','プロテクタ組立治具','',1,0,0,'49CB006176','NAF-17-146',16,0,'HP5P','A/C','','',10,0,'file1_385.tiff',NULL,'2017-06-19 04:57:13','2017-08-24 00:52:22',NULL),(386,'SUB7289-0759-51-H-H-CL-J','N','引張・光誘導機能付きサブ作製治具','',0,1,0,'49HE000212','DPE-3J-2322',9,57500,'456B','VSサブ','','',18,69000,NULL,NULL,'2017-06-21 23:16:35','2017-10-20 02:39:34',NULL),(387,'SUB7287-2944-51-H-H-CL-J','N','引張・光誘導機能付きサブ作製治具','',0,1,0,'49HE000213','DPE-3J-2321',9,57500,'456B','VSサブ','','',18,69000,NULL,NULL,'2017-06-21 23:17:09','2017-10-20 02:40:01',NULL),(388,'SUBG96B2+B3+B6+B7-456B-THE','N','サーミスタLED誘導B2+B3+B6+B7','',0,1,0,'49HE000214','DPE-3J-2284',9,550000,'456B','サーミスタＷ/Ｈ','','',5,660000,NULL,NULL,'2017-06-22 09:27:29','2017-10-20 02:40:19',NULL),(389,'SUBG96B4+B5+B8+B9-456B-THE','N','サーミスタLED誘導B4+B5+B8+B9','',0,1,0,'49HE000215','DPE-3J-2285',9,550000,'456B','サーミスタＷ/Ｈ','','',5,660000,NULL,NULL,'2017-06-22 09:28:10','2017-10-20 02:40:36',NULL),(390,'7009-5338+7254-7993-D','','LA+サイドカバー導通検査治具','',0,1,0,'49HB001534','YDU15439',24,18680,'950A','床下','','',10,22416,NULL,'file2_390.jpeg','2017-06-26 00:14:02','2017-06-26 00:28:07',NULL),(391,'7282-5845-SUB','','SUB受け 横出し','',1,0,0,'49AC000019','',18,15459,'470A','','','',5,18551,NULL,'file2_391.jpeg','2017-06-26 00:18:08','2017-06-26 00:27:43',NULL),(392,'7283-5845-SUB-K','','SUB受け　横出し','',1,0,0,'49AC000013','',18,13365,'470A','','','',2,16038,NULL,'file2_392.jpeg','2017-06-26 00:19:45','2017-06-26 00:27:16',NULL),(393,'SUB89-650651-HOS-H-CL+TL+NL-J-TN','N','引張・引張力上限機能付・光誘導・端子向き規制・二重系止・引張過ぎ機能付きサブ作製治具','',0,1,0,'49HE000216','DPE-3J-2324',9,163500,'456B','検出サブ','','',5,196200,NULL,NULL,'2017-06-26 05:48:20','2017-10-20 02:40:56',NULL),(394,'SUB89-650751-HOS-H-CL+TL+NL-J-TN','N','引張・引張力上限機能付・光誘導・端子向き規制・二重系止・引張過ぎ機能付きサブ作製治具','',0,1,0,'49HE000217','DPE-3J-2325',9,143500,'456B','検出サブ','','',5,172200,NULL,NULL,'2017-06-26 06:35:06','2017-10-20 02:41:14',NULL),(395,'SUB89-650851-HOS-H-CL+TL+NL-J-TN','N','引張・引張力上限機能付・光誘導・端子向き規制・二重系止・引張過ぎ機能付きサブ作製治具','',0,1,0,'49HE000218','DPE-3J-2326',9,143500,'456B','検出サブ','','',5,172200,NULL,NULL,'2017-06-26 06:35:33','2017-10-20 02:41:29',NULL),(396,'SUB89-650951-HOS-H-CL+TL+NL-J-TN','N','引張・引張力上限機能付・光誘導・端子向き規制・二重系止・引張過ぎ機能付きサブ作製治具','',0,1,0,'49HE000219','DPE-3J-2327',9,143500,'456B','検出サブ','','',5,172200,NULL,NULL,'2017-06-26 06:35:45','2017-10-20 02:42:27',NULL),(397,'SUB89-651051-HOS-H-CL+TL+NL-J-TN','N','引張・引張力上限機能付・光誘導・端子向き規制・二重系止・引張過ぎ機能付きサブ作製治具','',0,1,0,'49HE000220','DPE-3J-2328',9,143500,'456B','検出サブ','','',5,172200,NULL,NULL,'2017-06-26 06:35:59','2017-10-20 02:42:42',NULL),(398,'7288-9861-R-A','N','防水栓有無確認用Ｃ/Ｆ','',0,1,0,'49HF000863','DPE-3J-2342',24,0,'456B','検出サブ','右','',13,0,NULL,NULL,'2017-06-27 05:54:50','2017-06-27 05:57:20',NULL),(399,'7288-4954-R-A','N','防水栓有無確認用Ｃ/Ｆ','',0,1,0,'49HF000864','DPE-3J-2343',24,0,'456B','検出サブ','右','',13,0,NULL,NULL,'2017-06-27 05:55:14','2017-06-27 05:56:53',NULL),(400,'7288-9861-30-R','N','導通検査Ｃ/Ｆ','',0,1,0,'49HA037754','YDU17093',24,11706,'456B','検出サブ','右','DPE-3J-2345',13,14047,NULL,NULL,'2017-06-27 05:56:17','2017-08-11 06:16:33',NULL),(401,'PUSH JIG-629W LI','N','BBM VS端子押し治具','',0,0,1,'49YB001498','YDU17139',24,1330,'629W','BBM','','NAF-17-149',11,1596,NULL,NULL,'2017-06-28 23:05:11','2017-09-12 00:04:27',NULL),(402,'SUB7289-6646-H-HS-CL-S(A)','N','引張・光誘導・スライド機能付きサブ作製治具','',0,1,0,'49HE000221','DPE-3J-2329',9,94200,'456B','サーミスタＷ/Ｈ','','',18,113040,NULL,NULL,'2017-06-29 02:14:40','2017-10-20 02:42:58',NULL),(403,'SUB7287-7085-30-H-HS-CL-S(A)','N','引張・光誘導・スライド機能付きサブ作製治具','',0,1,0,'49HE000222','DPE-3J-2330',1,108500,'456B','サーミスタＷ/Ｈ','','',18,130200,NULL,NULL,'2017-06-29 02:15:35','2017-10-20 02:43:16',NULL),(404,'SUB7287-7116-H-H-CL-J','N','引張・光誘導機能付きサブ作製治具','',0,1,0,'49HE000223','DPE-3J-2331',9,65700,'456B','サーミスタＷ/Ｈ','','',18,78840,NULL,NULL,'2017-06-29 02:16:19','2017-10-20 02:43:29',NULL),(405,'SUB7289-6646-H-HS-CL-J(B)','N','引張・光誘導・スライド機能付きサブ作製治具','',0,1,0,'49HE000224','DPE-3J-2333',1,108500,'456B','サーミスタＷ/Ｈ','','',18,130200,NULL,NULL,'2017-06-29 02:17:07','2017-10-20 02:43:47',NULL),(406,'SUB7287-7085-30-H-HS-CL-J(B)','N','引張・光誘導・スライド機能付きサブ作製治具','',0,1,0,'49HE000225','DPE-3J-2335',1,108500,'456B','サーミスタＷ/Ｈ','','',18,130200,NULL,NULL,'2017-06-29 02:17:34','2017-10-20 02:44:04',NULL),(407,'SUB7289-6871-30-H-HS-CL-J(A)','N','引張・光誘導・スライド機能付きサブ作製治具','',0,1,0,'49HE000226','DPE-3J-2337',1,108500,'456B','サーミスタＷ/Ｈ','','',18,130200,NULL,NULL,'2017-06-29 02:18:09','2017-10-20 02:44:17',NULL),(408,'SUB7282-5846-H-H-CL-J','N','引張・光誘導機能付きサブ作製治具','',0,1,0,'49HE000227','DPE-3J-2338',9,67900,'456B','サーミスタＷ/Ｈ','','',18,81480,NULL,NULL,'2017-06-29 02:18:37','2017-10-20 02:44:30',NULL),(409,'SUB7283-4576-H-H-CL-J','N','引張・光誘導機能付きサブ作製治具','',0,1,0,'49HE000228','DPE-3J-2340',9,66800,'456B','サーミスタＷ/Ｈ','','',18,80160,NULL,NULL,'2017-06-29 02:19:07','2017-10-20 02:44:43',NULL),(410,'SUB7282-4576-H-HS-CL-S','N','引張・光誘導・スライド機能付きサブ作製治具','',0,1,0,'49HE000229','DPE-3J-2341',9,80500,'456B','サーミスタＷ/Ｈ','','',18,96600,NULL,NULL,'2017-06-29 02:19:48','2017-10-27 02:23:14',NULL),(411,'SUB7286-9286-H-HS-CL-S(B)','N','引張・光誘導・スライド機能付きサブ作製治具','',0,1,0,'49HE000230','DPE-3J-2344',9,82000,'456B','サーミスタＷ/Ｈ','','',18,98400,NULL,NULL,'2017-06-29 02:20:21','2017-10-20 02:45:13',NULL),(412,'7276 2965 5W+2961 5W','N','プロテクタ組立治具','',1,0,0,'49CB006200','NAF-17-150',24,0,'100B','床下','','',9,0,NULL,NULL,'2017-06-29 04:12:23','2017-06-29 04:15:15',NULL),(413,'7276 2977 5W','N','プロテクタ組立治具','',1,0,0,'49CB006203','NAF-17-151',16,0,'100B','A/C','','',10,0,'file1_413.tiff',NULL,'2017-06-29 23:58:59','2017-08-24 00:53:30',NULL),(414,'7176 2975 50','N','プロテクタ組立治具','',1,0,0,'49CB006204','NAF-17-152',16,0,'100B','A/C','','',10,0,'file1_414.tiff',NULL,'2017-06-29 23:59:18','2017-08-24 00:53:10',NULL),(415,'7004-1715-U','N','LA端子導通治具','',0,1,0,'49HB001765','DPE-3J-2346',18,14270,'ジャトコ','','カシメ上','',15,17124,NULL,NULL,'2017-06-30 02:21:37','2017-09-12 00:03:41',NULL),(416,'7004-1374-U','N','LA端子導通治具','',0,1,0,'49HB001766','DPE-3J-2347',18,15850,'ジャトコ','','カシメ上','',15,19020,NULL,NULL,'2017-06-30 02:23:18','2017-09-12 00:03:30',NULL),(417,'7289 4036 51-SK-U+R/H','N','コネクタ組立治具','',1,0,0,'49BB033956','YDU17094',24,3210,'456B','S/P','','NAF-17-153',14,3852,NULL,NULL,'2017-06-30 05:10:04','2017-08-09 08:02:05',NULL),(418,'SUB89-650530-HOS-H-CL+TL+NL-J-TN','N','引張・引張力上限機能付・光誘導・端子向き規制・二重系止・引張過ぎ機能付きサブ作製治具','',0,1,0,'49HE000231','DPE-3J-2339',9,184700,'456B','検出サブ','','',5,221640,NULL,NULL,'2017-07-03 07:31:55','2017-10-20 02:45:30',NULL),(419,'7225-5396-3W-T','N','耐電圧試験用Ｃ／Ｆ','',0,1,0,'49HG000026','',24,76300,'5WMA','INLET','','',3,91560,NULL,NULL,'2017-07-03 08:06:07','2017-07-03 08:06:07',NULL),(420,'X1DT-6183-K','N','コネクタ組立治具　横出し','',1,0,0,'49BB033978','NAF-17-155',20,19459,'456B','サーミスタＳＵＢ','','',15,23351,'file1_420.tiff',NULL,'2017-07-04 00:27:57','2017-08-24 00:40:51',NULL),(421,'7287 7085 30-SK-L','N','コネクタ組立治具','',1,0,0,'49BB033980','NAF-17-156',20,34563,'456B','サーミスタＳＵＢ','','',15,41476,'file1_421.tiff',NULL,'2017-07-04 00:29:00','2017-08-24 00:41:52',NULL),(422,'7176 2826-SW','N','プロテクタ組立導通治具','',1,0,0,'49CK000077','NAF-17-157',20,30741,'456B','サーミスタＳＵＢ','','',15,36889,'file1_422.tiff',NULL,'2017-07-04 00:30:08','2017-08-24 00:42:45',NULL),(423,'7176 2827-SW','N','プロテクタ組立導通治具','',1,0,0,'49CK000078','NAF-17-158',20,36971,'456B','サーミスタＳＵＢ','','',15,44365,'file1_423.tiff',NULL,'2017-07-04 00:30:36','2017-09-28 03:58:55',NULL),(424,'7289-5594-R+R/H','N','9.5 1P F 導通検査治具','',0,1,0,'49HA037771','DPE-3J-2351',20,0,'456B','単線','右','',14,0,NULL,NULL,'2017-07-04 00:31:45','2017-07-04 00:32:09',NULL),(425,'7325-8398-T','N','耐電圧検査治具','',0,1,0,'49HG000027','DPE-3J-2266',1,0,'CCID','','','',2,0,NULL,NULL,'2017-07-04 23:17:08','2017-07-04 23:17:46',NULL),(426,'7287-7163-30-D-SLD26','N','コネクタ受けスライド治具','',1,0,0,'49EB001107','YDU17100',24,10840,'100B','床下','','NAF-17-161',9,13008,NULL,NULL,'2017-07-05 00:28:11','2017-08-08 23:13:53',NULL),(427,'7283-5845KAKUNIN','N','コネクタロック有無確認治具','',0,1,0,'49MA001458','NAF-17-160',24,0,'ALL','','','',11,0,NULL,NULL,'2017-07-05 05:39:47','2017-07-05 05:39:47',NULL),(428,'X1DT-6183-SK-U','N','コネクタ組立治具','',1,0,0,'49BB033985','NAF-17-162',20,32043,'456B','サ－ミスタＳＵＢ','上','',15,38452,'file1_428.tiff',NULL,'2017-07-06 00:52:04','2017-08-24 00:41:14',NULL),(429,'7282 4576-K','N','コネクタ組立治具 横出し','',1,0,0,'49BB033986','NAF-17-164',1,0,'456B','サ－ミスタＳＵＢ','','',15,0,NULL,NULL,'2017-07-06 00:52:44','2017-07-06 00:54:28',NULL),(430,'7286-9286+47-8749-SW','N','結合確認治具（ＣＯＮＮ+Ｃ）','',0,1,0,'49HD008583','NAF-17-163',1,0,'456B','サーミスタＳＵＢ','','',15,0,NULL,NULL,'2017-07-06 00:54:04','2017-07-06 00:54:04',NULL),(431,'SUB7289-6646-H-HS-CL-J(C)','N','引張・光誘導・スライド機能付きサブ作製治具','',0,1,0,'49HE000232','DPE-3J-2353',1,108500,'456B','サーミスタＳＵＢ','','',18,130200,NULL,NULL,'2017-07-06 04:49:27','2017-10-20 02:45:42',NULL),(432,'SUB7287-7085-30-H-HS-CL-S(C)','N','引張・光誘導・スライド機能付きサブ作製治具','',0,1,0,'49HE000233','DPE-3J-2354',1,108500,'456B','サーミスタＳＵＢ','','',18,130200,NULL,NULL,'2017-07-06 04:50:17','2017-10-20 02:45:55',NULL),(433,'SUB7287-7085-30-H-HS-CL-S(D)','N','引張・光誘導・スライド機能付きサブ作製治具','',0,1,0,'49HE000234','DPE-3J-2355',1,108500,'456B','サーミスタＳＵＢ','','',18,130200,NULL,NULL,'2017-07-06 04:50:48','2017-10-20 02:46:09',NULL),(434,'SUB7289-6871-30-H-HS-CL-J(B)','N','引張・光誘導・スライド機能付きサブ作製治具','',0,1,0,'49HE000235','DPE-3J-2356',1,108500,'456B','サーミスタＳＵＢ','','',18,130200,NULL,NULL,'2017-07-06 04:51:12','2017-10-20 02:46:25',NULL),(435,'SUB7283-4272-30-HOS-H-CL-J','N','引張・引張力上限機能付・光誘導・引張過ぎ機能付きサブ作製治具','',0,1,0,'49HE000236','DPE-3J-2348',9,60100,'456B','検出サブ','','',5,72120,NULL,NULL,'2017-07-06 09:39:05','2017-10-20 02:46:40',NULL),(436,'SUB7288-9861-30-HOS-H-CL-J','N','引張・引張力上限機能付・光誘導・引張過ぎ機能付きサブ作製治具','',0,1,0,'49HE000237','DPE-3J-2349',9,60100,'456B','検出サブ','','',5,72120,NULL,NULL,'2017-07-06 09:39:28','2017-10-20 02:47:31',NULL),(437,'SUB7288-4954-40-HOS-H-CL-J','N','引張・引張力上限機能付・光誘導・引張過ぎ機能付きサブ作製治具','',0,1,0,'49HE000238','DPE-3J-2350',9,60100,'456B','検出サブ','','',5,72120,NULL,NULL,'2017-07-06 09:39:56','2017-10-20 02:47:49',NULL),(438,'7225-5933-3W-U','N','ＩＮＬＥＴ検出治具','',0,1,0,'49HA037795','DPE-3J-2357',24,0,'中華汽車','ECP','上','',13,0,NULL,NULL,'2017-07-07 07:12:35','2017-07-07 07:13:59',NULL),(439,'7282 1043 40+7147 8749-K','N','コネクタ組立治具 横出し','',1,0,0,'49BB033998','T646',2,0,'ECP','H/C','','NAF-17-171',13,0,'file1_439.tiff',NULL,'2017-07-10 23:53:04','2017-09-04 01:10:29',NULL),(440,'7282 7350 30+7147 8748-K','N','コネクタ組立治具 横出し','',1,0,0,'49BB033999','T647',2,0,'ECP','H/C','','NAF-17-172',13,0,'file1_440.tiff',NULL,'2017-07-10 23:54:57','2017-09-04 01:11:33',NULL),(441,'7282 7350 30+7147 8748-SK-R','N','コネクタ組立治具 ','',1,0,0,'49BB034000','T648',2,0,'ECP','H/C','右','NAF-17-173',13,0,'file1_441.tiff',NULL,'2017-07-10 23:55:22','2017-09-04 01:12:12',NULL),(442,'SUB7282-4050-30-HOS-H-CL-J','N','引張・引張力上限機能付・光誘導・引張過ぎ機能付きサブ作製治具','',0,1,0,'49HE000239','DPE-3J-2358',9,67450,'456B','低圧サブ','','',5,80940,NULL,NULL,'2017-07-10 23:58:20','2017-10-20 02:48:03',NULL),(443,'SUB7282-4272-HOS-H-CL-J','N','引張・引張力上限機能付・光誘導・引張過ぎ機能付きサブ作製治具','',0,1,0,'49HE000240','DPE-3J-2359',9,68950,'456B','検出サブ','','',5,82740,NULL,NULL,'2017-07-10 23:58:41','2017-10-20 02:48:35',NULL),(444,'SUB7282-4617-40-HOS-H-CL-J','N','引張・引張力上限機能付・光誘導・引張過ぎ機能付きサブ作製治具','',0,1,0,'49HE000241','DPE-3J-2360',9,82100,'456B','低圧サブ','','',5,98520,NULL,NULL,'2017-07-10 23:59:09','2017-10-20 02:48:48',NULL),(445,'SUB7289-6870-30-HOS-H-CL-J','N','引張・引張力上限機能付・光誘導・引張過ぎ機能付きサブ作製治具','',0,1,0,'49HE000242','DPE-3J-2361',9,77300,'456B','低圧サブ','','',5,92760,NULL,NULL,'2017-07-10 23:59:30','2017-10-20 02:49:02',NULL),(446,'SUB7289-6869-30-HOS-H-CL-J','N','引張・引張力上限機能付・光誘導・引張過ぎ機能付きサブ作製治具','',0,1,0,'49HE000243','DPE-3J-2362',9,71600,'456B','低圧サブ','','',5,85920,NULL,NULL,'2017-07-10 23:59:58','2017-10-20 02:49:14',NULL),(447,'SUB7283-4856-HOS-H-CL-J','N','引張・引張力上限機能付・光誘導・引張過ぎ機能付きサブ作製治具','',0,1,0,'49HE000244','DPE-3J-2363',9,74800,'456B','低圧サブ','','',5,89760,NULL,NULL,'2017-07-11 00:00:14','2017-10-20 02:49:25',NULL),(448,'SUB7183-6321-HOS-H-CL-J','N','引張・引張力上限機能付・光誘導・引張過ぎ機能付きサブ作製治具','',0,1,0,'49HE000245','DPE-3J-2364',9,64850,'456B','低圧サブ','','',5,77820,NULL,NULL,'2017-07-11 00:03:00','2017-10-20 02:49:37',NULL),(449,'SUB7287-7978-HOS-H-CL-J','N','引張・引張力上限機能付・光誘導・引張過ぎ機能付きサブ作製治具','',0,1,0,'49HE000246','DPE-3J-2365',9,62300,'456B','低圧サブ','','',5,74760,NULL,NULL,'2017-07-11 00:03:26','2017-10-20 02:49:51',NULL),(450,'SUB7287-4095-HOS-H-CL-J','N','引張・引張力上限機能付・光誘導・引張過ぎ機能付きサブ作製治具','',0,1,0,'49HE000247','DPE-3J-2366',9,64300,'456B','低圧サブ','','',5,77160,NULL,NULL,'2017-07-11 00:03:47','2017-10-20 02:50:02',NULL),(451,'SUB7283-5845-HOS-H-CL-J','N','引張・引張力上限機能付・光誘導・引張過ぎ機能付きサブ作製治具','',0,1,0,'49HE000248','DPE-3J-2367',9,62300,'456B','低圧サブ','','',5,74760,NULL,NULL,'2017-07-11 00:04:28','2017-10-20 02:50:14',NULL),(452,'SUB7287-1915-HOS-H-CL-J','N','引張・引張力上限機能付・光誘導・引張過ぎ機能付きサブ作製治具','',0,1,0,'49HE000249','DPE-3J-2368',9,68900,'456B','低圧サブ','','',5,82680,NULL,NULL,'2017-07-11 00:04:52','2017-10-20 02:50:29',NULL),(453,'SUB7283-1138-HOS-H-CL-J','N','引張・引張力上限機能付・光誘導・引張過ぎ機能付きサブ作製治具','',0,1,0,'49HE000250','DPE-3J-2369',9,66600,'456B','低圧サブ','','',5,79920,NULL,NULL,'2017-07-11 00:05:13','2017-10-20 02:50:40',NULL),(454,'SUB7283-9721-HOS-H-CL-J','N','引張・引張力上限機能付・光誘導・引張過ぎ機能付きサブ作製治具','',0,1,0,'49HE000251','DPE-3J-2370',9,64900,'456B','検出サブ','','',5,77880,NULL,NULL,'2017-07-11 00:05:46','2017-10-20 02:50:53',NULL),(455,'7283 4856-SK-U','N','コネクタ組立治具','',1,0,0,'49BB034011','NAF-17-169',18,17330,'456B','低圧サブ','上','',15,20796,NULL,NULL,'2017-07-11 02:26:31','2017-10-19 23:44:07',NULL),(456,'7287 4095-SK-U','N','コネクタ組立治具','',1,0,0,'49BB034012','NAF-17-170',18,24800,'456B','低圧サブ','上','',15,29760,NULL,NULL,'2017-07-11 02:26:50','2017-10-19 23:55:50',NULL),(457,'7282-4050-R-A','N','防水栓有無確認用Ｃ／Ｆ','',0,1,0,'49HF000869','DPE-3J-2372',24,0,'456B','低圧サブ','右','',3,0,NULL,NULL,'2017-07-13 02:01:53','2017-07-13 02:01:53',NULL),(458,'G92U3-47050+G92U4-47020-SONYU','N','端子挿入専用治具','',1,0,0,'49AC000703','NAF-17-175',1,0,'629W Li','BBM','','',15,0,NULL,NULL,'2017-07-14 00:32:13','2017-07-14 00:32:13',NULL),(459,'G92U3-47050+G92U4-47020+BAND','N','ＢＢＭ受け（バンドカット用）','',1,0,0,'49BB034038','NAF-17-176',1,0,'629W Li','BBM','','',15,0,NULL,NULL,'2017-07-14 00:33:18','2017-07-14 00:33:18',NULL),(460,'X416-543C60+82-4617-4272-4050','N','プロテクタ+ＣＯＮＮ確認治具','',0,1,0,'49HD008598','NAF-17-177',1,0,'456B','低圧サブ','','',15,0,NULL,NULL,'2017-07-14 00:34:40','2017-07-14 00:34:40',NULL),(461,'7282 5846-SAKI','N','コネクタ組立治具','',1,0,0,'49BB034039','NAF-17-178',1,0,'456B','サーミスタＳＵＢ','上','',15,0,NULL,NULL,'2017-07-14 00:35:46','2017-07-14 00:35:46',NULL),(462,'AC50040,30010','N','品番切換機構','',1,0,0,'49FA000718','NAF-17-081',9,35000,'700W,720W','A/C','','',10,42000,NULL,NULL,'2017-07-18 01:39:27','2017-07-18 01:39:52',NULL),(463,'7288-4954-40-G','N','アライメントゲージ','',0,0,1,'49YC003803','YDU17108',24,5460,'58GA','','','DPE-3J-2373',11,6552,NULL,NULL,'2017-07-19 04:38:52','2017-09-13 23:44:28',NULL),(464,'7288-9861-30-G,7288-4954-40-G','N','アライメントゲージ','',0,0,1,'49YC003804','YDU17147',24,4100,'58GA','','','DPE-3J-2374  旧YDU17107',11,4920,NULL,NULL,'2017-07-19 04:39:15','2017-10-06 00:50:20',NULL),(465,'SUB7282-4577-HOS-HS-CL-J','N','引張・引張力上限機能付・光誘導・引張過ぎ機能付きサブ作製治具','',0,1,0,'49HE000252','DPE-3J-2357',9,0,'456B','低圧サブ','','',5,0,NULL,NULL,'2017-07-25 02:50:22','2017-07-25 02:50:22',NULL),(466,'US T15 SW JIG','N','ウレタンシート取り置き治具','',0,1,0,'49MA001461','YDU17129',24,4090,'ALL','ALL','','DPE2-AL-77-001',6,4908,NULL,NULL,'2017-07-26 01:48:03','2017-10-04 02:11:07',NULL),(467,'7289-0759-51UKE','N','防水栓挿入プレート','',1,0,0,'49AC000734','NAF-17-181',24,0,'456B','VSサブ','','',11,0,NULL,NULL,'2017-07-26 23:40:51','2017-07-26 23:40:51',NULL),(468,'7287-2944-51UKE','N','防水栓挿入プレート','',1,0,0,'49AC000735','NAF-17-182',24,0,'456B','VSサブ','','',11,0,NULL,NULL,'2017-07-26 23:41:21','2017-07-26 23:41:21',NULL),(469,'7282-4617-40UKE','N','防水栓挿入プレート','',1,0,0,'49AC000736','NAF-17-183',24,0,'456B','低圧サブ','','',11,0,NULL,NULL,'2017-07-26 23:41:54','2017-07-26 23:41:54',NULL),(470,'7282-4050-30UKE','N','防水栓挿入プレート','',1,0,0,'49AC000737','NAF-17-184',24,0,'456B','低圧サブ','','',11,0,NULL,NULL,'2017-07-26 23:42:26','2017-07-26 23:42:26',NULL),(471,'7288-4954-40UKE','N','防水栓挿入プレート','',1,0,0,'49AC000738','NAF-17-187',24,0,'456B','検出サブ','','',11,0,NULL,NULL,'2017-07-26 23:43:03','2017-07-26 23:43:03',NULL),(472,'7288-9861-30UKE','N','防水栓挿入プレート','',1,0,0,'49AC000739','NAF-17-188',24,0,'456B','検出サブ','','',11,0,NULL,NULL,'2017-07-26 23:43:34','2017-07-26 23:43:34',NULL),(473,'X1DT-6182-30UKE','N','防水栓挿入プレート','',1,0,0,'49AC000740','NAF-17-189',24,0,'456B','低圧サブ','','',11,0,NULL,NULL,'2017-07-26 23:44:17','2017-07-26 23:44:17',NULL),(474,'7158-3043-PUSHJIG','N','防水栓押し治具','',0,0,1,'49YB001513','NAF-17-190',24,0,'456B','','','',11,0,NULL,NULL,'2017-07-26 23:45:07','2017-07-26 23:45:07',NULL),(475,'7047-3554','N','バンド有無確認治具','',0,1,0,'49KA004634','DPE-3J-2375',18,0,'456B','単線','','',14,0,NULL,NULL,'2017-07-27 00:59:18','2017-07-27 00:59:18',NULL),(476,'7009-9612-SK-R-SW+7173-3953','1','LA端子組立導通治具','',1,0,0,'49BK000163','YDU17113',24,10480,'456B','単線','','NAF-17-191',14,12576,NULL,NULL,'2017-07-27 01:00:20','2017-10-16 23:57:16',NULL),(477,'7009-9612-SK-U-SW+7173-3953','N','LA端子組立導通治具','',1,0,0,'49BK000164','YDU17114',24,12160,'456B','単線','','NAF-17-192',14,14592,NULL,NULL,'2017-07-27 01:00:46','2017-09-12 00:07:27',NULL),(478,'7009-9612-SK-U-SW+7173-3954','N','LA端子組立導通治具','',1,0,0,'49BK000165','YDU17115',24,8620,'456B','単線','','NAF-17-193',14,10344,NULL,NULL,'2017-07-27 01:01:14','2017-09-12 00:06:59',NULL),(479,'7009-9613-SK-R-SW+7173-3955','N','LA端子組立導通治具','',1,0,0,'49BK000166','YDU17116',24,6930,'456B','単線','','NAF-17-194',14,8316,NULL,NULL,'2017-07-27 01:01:35','2017-09-12 00:09:34',NULL),(480,'7009-9613-SK-U-SW+7173-3956','1','LA端子組立導通治具','',1,0,0,'49BK000167','YDU17118',24,7760,'456B','単線','','NAF-17-195',14,9312,NULL,NULL,'2017-07-27 01:01:56','2017-10-23 23:27:05',NULL),(481,'7188-4034+7276-2818-5W-SK-SW','N','プロテクタ組立導通治具','',1,0,0,'49CK000080','YDU17119',24,10120,'456B','単線','','NAF-17-196',14,12144,NULL,NULL,'2017-07-27 01:02:52','2017-09-12 00:08:34',NULL),(482,'7188-4034+7276-2819-5W-SK-SW','N','プロテクタ組立導通治具','',1,0,0,'49CK000081','YDU17120',24,11770,'456B','単線','','NAF-17-197',14,14124,NULL,NULL,'2017-07-27 01:03:09','2017-09-13 23:48:21',NULL),(483,'7225-5264-3W+7125-8685-30-U','N','INLET HOUSING検出治具','',0,1,0,'49HA037821','YDU17123',24,64180,'中華汽車　ECP','OBC CHARGE','上','DPE-3J-2373',13,77016,NULL,NULL,'2017-07-27 08:06:55','2017-09-25 09:43:56',NULL),(484,'7225-5264-3W-U-T','N','INLET HOUSING耐電圧検査治具','',0,1,0,'49HG000028','YDU17124',24,69910,'中華汽車　ECP','OBC CHARGE','上','DPE-3J-2374',13,83892,NULL,NULL,'2017-07-27 08:12:15','2017-09-25 09:46:40',NULL),(485,'7289 6507 51-SK-D','N','コネクタ組立治具','',1,0,0,'49BB034209','NAF-17-199',24,4410,'HP5P','BBM','下','NAF-17-199',13,5292,NULL,NULL,'2017-08-02 05:38:50','2017-10-06 00:52:26',NULL),(486,'7289 6508 51-SK-D','N','コネクタ組立治具','',1,0,0,'49BB034210','NAF-17-200',24,4410,'HP5P','BBM','下','NAF-17-200',13,5292,NULL,NULL,'2017-08-02 05:39:04','2017-10-23 23:18:42',NULL),(487,'7289-6507-51-D','N','0.5 SEALD CONN 20P','',0,1,0,'49HA037838','YDU17130',24,37045,'HP5P','BBM','下','DPE-3J-2375',13,44454,NULL,NULL,'2017-08-02 05:42:00','2017-10-23 23:22:09',NULL),(488,'7289-6508-51-D','N','0.5 SEALD CONN 20P','',0,1,0,'49HA037839','YDU17131',24,37045,'HP5P','BBM','下','NAF-17-200',13,44454,NULL,NULL,'2017-08-02 05:42:19','2017-10-23 23:20:23',NULL),(489,'7275 1871 30-U','N','グロメット組立治具','',1,0,0,'49CC002078','DPE2-AL-77-002',16,0,'310B','床下','','',6,0,'file1_489.tiff',NULL,'2017-08-03 04:00:26','2017-08-24 01:07:50',NULL),(490,'7275 1871 30-R','N','グロメット組立治具','',1,0,0,'49CC002079','DPE2-AL-77-003',16,0,'310B','床下','','',6,0,'file1_490.tiff',NULL,'2017-08-03 04:03:00','2017-08-24 01:07:36',NULL),(491,'SUB7283-4856','N','サブ作製治具','',1,0,0,'49AC000779','NAF-17-205',24,0,'456B','低圧サブ','','',19,0,NULL,NULL,'2017-08-04 01:06:59','2017-08-04 02:04:03',NULL),(492,'SUB7287-1915','N','サブ作製治具','',1,0,0,'49AC000780','NAF-17-206',24,0,'456B','低圧サブ','','',19,0,NULL,NULL,'2017-08-04 01:07:18','2017-08-04 02:04:16',NULL),(493,'X31784-3X98','N','プロテクタ組立治具','',1,0,0,'49CB006254','NAF-17-202',24,0,'475B','床下','','',9,0,NULL,NULL,'2017-08-04 01:08:57','2017-08-04 01:08:57',NULL),(494,'X41684-3J89','N','プロテクタ組立治具','',1,0,0,'49CB006255','NAF-17-203',24,0,'475B','床下','','',9,0,'file1_494.pdf',NULL,'2017-08-04 01:10:57','2017-10-20 05:11:14',NULL),(495,'X41684-3J86','N','プロテクタ組立治具','',1,0,0,'49CB006256','NAF-17-204',24,0,'475B','床下','','',9,0,'file1_495.pdf',NULL,'2017-08-04 01:11:12','2017-10-20 05:11:51',NULL),(496,'7185-0313-0W+0534-U-SW','N','SHIELD SHELL組立導通治具','',1,0,0,'49BK000168','YDU17128',24,11530,'310B','床下','','DPE2-AL-77-004',6,13836,NULL,NULL,'2017-08-04 07:07:44','2017-10-16 23:54:03',NULL),(497,'7225 8578-SK-U-2','N','コネクタ組立治具','',1,0,0,'49BB034224','NAF-17-207',24,0,'ALL','A/C','上','',10,0,NULL,NULL,'2017-08-08 04:01:52','2017-08-08 04:01:52',NULL),(498,'7225 5780-SK-L-2','N','コネクタ組立治具','',1,0,0,'49BB034247','YDU17137',24,5160,'15PL','A/C','左','NAF-17-209',10,6192,NULL,NULL,'2017-08-11 02:27:06','2017-10-04 02:10:00',NULL),(499,'C/F-SLIDE-60','N','C/Fスライドステー(60mm)','',0,1,0,'49MA001469','DPE-3J-2377',1,37300,'456B','','','',13,44760,NULL,NULL,'2017-08-11 05:32:56','2017-09-21 04:30:11',NULL),(500,'7275 1874 30','N','グロメット組立治具','',1,0,0,'49CC002080','NAF-17-212',24,0,'100B','床下','','',9,0,NULL,NULL,'2017-08-21 00:34:43','2017-08-21 00:34:43',NULL),(501,'7009-6194-02-SK-D','N','LA組立導通治具','',1,0,0,'49BK000169','YDU17138',24,4480,'5WJ','JB','カシメ下','NAF-17-215',15,5376,NULL,NULL,'2017-08-22 03:57:08','2017-10-16 23:55:16',NULL),(502,'7047-3556','N','結束バンド取付治具','',1,0,0,'49DB000186','NAF-17-216',18,0,'5K9','S/P','','',14,0,NULL,NULL,'2017-08-24 02:27:16','2017-08-24 02:28:07',NULL),(503,'629W,100B BBM-SK','N','BBM組立治具','',1,0,0,'49BB034335','NAF-17-179',24,0,'629W,100B','BBM','','',14,0,NULL,NULL,'2017-09-04 04:44:01','2017-09-04 04:44:01',NULL),(504,'7125-8415-D','N','INV W/P 3P M','',0,1,0,'49HA037898','CPE-3J-2379',24,0,'510B','MOTOR','下','',9,0,NULL,NULL,'2017-09-06 02:44:27','2017-09-06 02:44:27',NULL),(505,'7125-8415-U','N','INV W/P 3P M','',0,1,0,'49HA037899','CPE-3J-2379',24,0,'510B','MOTOR','上','',9,0,NULL,NULL,'2017-09-06 02:44:48','2017-09-06 02:44:48',NULL),(506,'7225-5687-2','N','FDC CONN','',0,1,0,'49HA037900','DPE-3J-2381',24,0,'05PL','','左','',9,0,NULL,NULL,'2017-09-06 04:21:20','2017-09-06 04:21:20',NULL),(507,'7225-5687-3','N','FDC CONN','',0,1,0,'49HA037901','DPE-3J-2382',24,0,'05PL','','下','',9,0,NULL,NULL,'2017-09-06 04:21:55','2017-09-06 04:21:55',NULL),(508,'7286-8185/7283-0026 CON','N','コネクタカバー挿入治具','',0,0,1,'49YB001551','',18,52717,'','','','',11,63260,NULL,NULL,'2017-09-12 01:32:58','2017-09-12 01:32:58',NULL),(509,'456B-DENSEN-OSIKOMI','N','電線押し込み治具','',0,0,1,'49YB001555','DPE-AL-77-006',1,0,'456B','サーミスタSUB','','',11,0,NULL,NULL,'2017-09-13 04:22:55','2017-09-13 04:22:55',NULL),(510,'7325 8398-R','N','コネクタ組立治具','',1,0,0,'49BB034388','NAF-17-222',24,6020,'680W','A/C','右','NAF-17-222',10,7224,NULL,NULL,'2017-09-13 23:40:26','2017-10-23 23:23:24',NULL),(511,'7289-4036-51-L','N','9.5 1P F','',0,1,0,'49HA037920','DPE-3J-2378',20,0,'100B','床下','左','',9,0,NULL,NULL,'2017-09-14 00:42:37','2017-09-14 00:42:37',NULL),(512,'7009-6091-02-SK-D-SW','N','LA端子組立導通治具','',1,0,0,'49BK000180','YDU17150',24,7330,'HP5P','単線','カシメ下','NAF-17-223',14,8796,NULL,NULL,'2017-09-14 08:16:05','2017-10-16 23:44:06',NULL),(513,'7009-6092-02-SK-D-SW','N','LA端子組立導通治具','',1,0,0,'49BK000181','YDU17151',24,7330,'HP5P','単線','カシメ下','NAF-17-224',14,8796,NULL,NULL,'2017-09-14 08:16:24','2017-10-16 23:42:09',NULL),(514,'7114 3095 02-SK-R','N','LA組立治具','',1,0,0,'49BC003448','NAF-17-225',1,0,'HP5P','ＰＮ線','カシメ右','',14,0,NULL,NULL,'2017-09-14 08:17:32','2017-09-14 08:17:32',NULL),(515,'7289 4038,4039,4826,4827-SK-R','N','コネクタ組立治具','',1,0,0,'49BB034395','NAF-17-226',18,0,'HP5P','PN線','右','',14,0,NULL,NULL,'2017-09-14 08:18:37','2017-09-14 08:18:37',NULL),(516,'7173-4047+4048+4049-SK-SW','N','ブラケット・リアホルダ有無確認治具','',0,1,0,'49HD008709','YDU17152',24,9870,'HP5P','','','DPE-3J-2379',14,11844,NULL,NULL,'2017-09-14 08:20:27','2017-10-16 23:29:51',NULL),(517,'7173-4050-SK-SW','N','プロテクタ有無確認治具','',0,1,0,'49KC000650','YDU17153',24,2780,'HP5P','','','DPE-3J-2380',14,3336,NULL,NULL,'2017-09-14 08:21:42','2017-10-23 23:26:08',NULL),(518,'7289-5594-L','N','9.5 1P F','',0,1,0,'49HA037927','DCF17004',20,41304,'HP5P','','左','DPE-3J-2382',14,49565,NULL,NULL,'2017-09-14 08:22:44','2017-10-23 23:37:44',NULL),(519,'7289-4826-51-U+R/H','N','9.5 1P F','',0,1,0,'49HA037928','DPE-3J-2381',1,0,'HP5P','','上','',14,0,NULL,NULL,'2017-09-14 08:23:31','2017-09-14 08:23:31',NULL),(520,'7003 7231 02-SK-U','N','LA端子組立治具','',1,0,0,'49BC003449','NAF-17-227',24,11270,'5FTZ','スタック','カシメ上','',15,13524,NULL,NULL,'2017-09-15 02:22:08','2017-10-20 04:34:24',NULL),(521,'G92T3-47050+G92T4-47010+SONYU','N','BBM端子挿入専用治具','',1,0,0,'49AC000790','NAF-17-228',1,0,'629W Li','BBM','','',15,0,NULL,NULL,'2017-09-15 02:23:21','2017-09-15 02:23:21',NULL),(522,'G92T3-47050+G92T4-47010+BAND','N','BBMバンドカット専用治具','',1,0,0,'49BB034397','NAF-17-229',1,0,'629W Li','BBM','','',15,0,NULL,NULL,'2017-09-15 02:24:25','2017-09-15 02:24:25',NULL),(523,'7252-4156-SW','N','プロテクタ組立導通治具','',1,0,0,'49CK000085','YDU17155',24,6070,'S1','MOTOR','','NAF-17-231',9,7284,NULL,NULL,'2017-09-18 04:57:24','2017-10-16 23:46:16',NULL),(524,'7252-4158-SW','N','プロテクタ組立導通治具','',1,0,0,'49CK000086','YDU17156',24,6960,'S1','MOTOR','','NAF-17-232',9,8352,NULL,NULL,'2017-09-18 04:58:56','2017-10-16 23:48:09',NULL),(525,'PUSH JIG-10PL','N','BBM VS端子押し治具','',0,0,1,'49YB001556','DPE2-AL-77-007',24,0,'10PL','BBM','','',11,0,NULL,NULL,'2017-09-18 05:00:05','2017-09-18 05:00:05',NULL),(526,'7289-4041-51-SUB','N','サブ受け','',1,0,0,'49AC000791','YDU17158',24,11550,'220B　,他','1500W','','NAF-17-233',9,13860,NULL,NULL,'2017-09-20 03:52:43','2017-10-16 23:51:45',NULL),(527,'7289-4040-51-SUB','N','サブ受け','',1,0,0,'49AC000792','YDU17157',24,11550,'220B　,他','1500W','','NAF-17-234',9,13860,NULL,NULL,'2017-09-21 02:58:20','2017-10-16 23:50:06',NULL),(528,'7289 4035 51-SK-R+R/H','N','コネクタ組立治具','',1,0,0,'49BB034420','NAF-17-235',24,0,'020B Ni','BBM','右','',14,0,NULL,NULL,'2017-09-22 07:04:17','2017-09-22 07:04:17',NULL),(529,'25-5306+25-5626-D-JIDOUKAIHOU','N','PDM 2P 40SQ','',0,1,0,'49HA037957','YDU16219',24,53210,'B12P','','下','',13,63852,NULL,NULL,'2017-09-25 23:41:35','2017-09-25 23:41:35',NULL),(530,'7325-8631-51-3','N','9.5 3P F','',0,1,0,'49HA037959','YDU17161',24,22160,'620W,726W,他','床下','','DPE-3J-2383',10,26592,NULL,NULL,'2017-09-27 07:51:12','2017-10-31 23:48:03',NULL),(531,'7283 0026 51-SK-U-SG','N','コネクタ組立治具','',1,0,0,'49BB034473','',24,0,'090A','A/C','上','',9,0,NULL,NULL,'2017-10-02 03:54:12','2017-10-02 03:54:12',NULL),(532,'7283 0026 51-SK-R-2','N','コネクタ組立治具','',1,0,0,'49BB034474','YDU17162',24,910,'14PL','A/C','右','NAF-17-236',10,1092,NULL,NULL,'2017-10-02 03:55:00','2017-10-31 23:44:43',NULL),(533,'US-T15-SW','N','US有無確認治具','',0,1,0,'49MA001474','YDU17171',24,16980,'14PL','床下','','NAF-17-237',10,20376,NULL,NULL,'2017-10-02 09:45:42','2017-10-31 23:46:08',NULL),(534,'310B-RR-MTR-T','N','耐電圧試験用Ｃ／Ｆ','',0,1,0,'49HG000029','DPE-3J-2384',24,0,'310B','床下','','DPE-3J-2384',3,0,NULL,NULL,'2017-10-03 08:55:35','2017-10-03 08:55:35',NULL),(535,'A/C LINE JIG(50030)','N','ライン引き治具','',1,0,0,'49FA000738','AL-77-009',24,0,'310B','A/C','','AL-77-009',6,0,NULL,NULL,'2017-10-04 01:35:17','2017-10-04 01:37:43',NULL),(536,'7003-7225-02-SK-R-SW','N','LA端子組立導通治具','',1,0,0,'49BK000188','AL-77-010',24,0,'310B','床下','カシメ右','AL-77-010',6,0,NULL,NULL,'2017-10-04 01:36:43','2017-10-04 01:36:43',NULL),(537,'1276565-1','','端子工具 (L/T10)','キャビ',0,0,1,'49YA000531','',19,0,'','','','',0,0,NULL,NULL,'2017-10-10 06:50:00','2017-10-10 06:50:00',NULL),(538,'3-40','','二重係止押さえ治具','キャビ',0,0,1,'49YB100025','',22,857,'','','','',0,1028,NULL,NULL,'2017-10-10 06:53:22','2017-10-10 06:53:22',NULL),(539,'539960-1','','','キャビ',0,0,1,'49YA000197','',31,5130,'','','','',0,6156,NULL,NULL,'2017-10-10 07:03:40','2017-10-10 07:03:40',NULL),(540,'7157-9962','','グロメットブラケット合わせ治具','キャビ',0,0,1,'','',0,0,'','','','',0,0,NULL,NULL,'2017-10-10 07:07:11','2017-10-10 07:07:11',NULL),(541,'OJ-02','','','キャビ',0,0,1,'49YB000590','',18,2530,'','','','',0,3036,NULL,NULL,'2017-10-10 07:09:17','2017-10-10 07:09:17',NULL),(542,'ZF-2','','','キャビ',0,0,1,'49YA000039','',24,550,'','','','発注最少ロット10',0,660,NULL,NULL,'2017-10-10 07:13:07','2017-10-10 07:13:07',NULL),(543,'ZF-3','','','キャビ',0,0,1,'49YA000040','',24,550,'','','','発注最少ロット10',0,660,NULL,NULL,'2017-10-10 07:13:44','2017-10-10 07:13:44',NULL),(544,'PA','','抜き治具','DIT4',0,0,1,'49YA000042','G0406',15,738,'','','','',0,886,NULL,NULL,'2017-10-10 07:27:19','2017-10-24 05:55:27',NULL),(545,'RK-001','','リテナー解除治具','DIT4',0,0,1,'49YF000006','',24,1070,'','','','先端チップ@720(ジーアクト）　柄成形@350(植田部品)',0,1284,NULL,NULL,'2017-10-10 07:37:24','2017-10-15 23:23:18',NULL),(546,'RK-002','','リテナー解除治具','DIT4',0,0,1,'49YF000007','',24,1210,'','','','先端チップ@720(ジーアクト）　柄成形@490(植田部品)',0,1452,NULL,NULL,'2017-10-10 07:39:29','2017-10-15 23:23:27',NULL),(547,'APEX280(7114-3839-08)','','','DIT2',0,0,1,'49YA000502','',1,2000,'','','','',0,2400,NULL,NULL,'2017-10-11 02:43:16','2017-10-15 23:18:47',NULL),(548,'FCI-1','','','DIT2',0,0,1,'49YA000204','',1,1800,'','','','',0,2160,NULL,NULL,'2017-10-11 02:46:21','2017-10-15 23:19:57',NULL),(549,'X41125-M053-PUSH JIG','','押し治具','DIT2',0,0,1,'49YB000775','',1,6800,'','','','',0,8160,NULL,NULL,'2017-10-11 02:48:02','2017-10-15 23:20:43',NULL),(550,'FCI-3','','','DIT2',0,0,1,'49YA000358','',1,2200,'','','','',0,2640,NULL,NULL,'2017-10-11 02:49:19','2017-10-15 23:20:14',NULL),(551,'7282-4050-30-FRONT HOLDER-OSIJIG','N','フロントホルダー押し込み治具','',0,0,1,'49YB001561','AL-77-011',24,0,'456B','','','AL-77-011',11,0,NULL,NULL,'2017-10-11 05:06:23','2017-10-11 05:06:23',NULL),(552,'9.5 1P(L) TERMINAL INSERT JIG-O','N','9.5 L字コネクタ用端子挿入治具(ｵﾚﾝｼﾞ)','',0,0,1,'49YB001562','',24,0,'ALL','','','49YB001359 弘洋製（白）の色違い',11,0,NULL,NULL,'2017-10-11 05:07:07','2017-10-11 05:09:13',NULL),(553,'FK','','','DIT3',0,0,1,'49YF000019','',24,550,'','','','',0,660,NULL,NULL,'2017-10-13 01:12:49','2017-10-15 23:21:27',NULL),(554,'FCI-2','','','2',0,0,1,'49YA000206','',1,1800,'','','','',0,2160,NULL,NULL,'2017-10-13 01:18:47','2017-10-13 01:18:47',NULL),(555,'FCI-4 A TYPE','','','DIT2',0,0,1,'49YA000391','',1,2500,'','','','',0,3000,NULL,NULL,'2017-10-13 01:19:28','2017-10-15 23:20:23',NULL),(556,'電線押し込み治具','','電線押し込み治具','DIT3',0,0,1,'49YB000709','',24,2100,'X12G','','','',0,2520,NULL,NULL,'2017-10-13 01:22:04','2017-10-15 23:22:12',NULL),(557,'HE025','1','抜き治具','3',0,0,1,'49YA000211','',23,5970,'','','','',0,7164,NULL,NULL,'2017-10-13 02:04:57','2017-10-13 02:04:57',NULL),(558,'7335-8365+7335-8366PUSH JIG (FCI APEX280)','','押し治具','DIT3',0,0,1,'49YB000792','',0,0,'X12G','','','興津治工具作製',0,0,NULL,NULL,'2017-10-13 02:07:07','2017-10-15 23:21:14',NULL),(559,'MN-F-IN','','ﾐﾆﾋｭｰｽﾞ挿入治具','DIT3',0,0,1,'49YB000401','',24,1980,'','','','',0,2376,NULL,NULL,'2017-10-13 02:08:56','2017-10-15 23:22:26',NULL),(560,'TAN-001 (S SIZE)','','端子接圧確認治具 Sサイズ(白)','',0,0,1,'49YC001047','',32,591,'','','','購入価格@550　発注ロット300本～',0,709,NULL,NULL,'2017-10-13 02:27:52','2017-10-13 02:27:52',NULL),(561,'TAN-002 (M SIZE)','','端子接圧確認治具 Mサイズ (青)','',0,0,1,'49YC001048','',32,591,'','','','購入価格@550　発注ロット300本～',0,709,NULL,NULL,'2017-10-13 02:29:11','2017-10-13 02:29:11',NULL),(562,'TAN-003 (L SIZE)','','端子接圧確認治具 Lサイズ (黄)','',0,0,1,'49YC001049','',32,591,'','','','購入価格@550　発注ロット300本～',0,709,NULL,NULL,'2017-10-13 02:30:00','2017-10-13 02:30:00',NULL),(563,'TAN-004 (SS SIZE)','','端子接圧確認治具 SSサイズ (赤)','',0,0,1,'49YC000995','',32,741,'','','','購入価格@700　発注ロット300本～',0,889,NULL,NULL,'2017-10-13 02:30:35','2017-10-13 02:30:35',NULL),(564,'導通ブザー','','導通ブザー','EV前',0,0,1,'','',0,0,'','','','',0,0,NULL,NULL,'2017-10-13 07:16:14','2017-10-13 07:16:14',NULL),(565,'4BC000313','','テープの友','EV前',0,0,1,'','',4,0,'','','','購入ロット120個／箱 ￥20,400',0,0,NULL,NULL,'2017-10-13 07:18:24','2017-10-13 07:18:24',NULL),(566,'P-YYSS6-G','','ZEBRAノック式油性マーカー　緑','EV前',0,0,1,'','',33,105,'','','','',0,126,NULL,NULL,'2017-10-13 07:19:35','2017-10-13 07:22:11',NULL),(567,'P-YYSS6-BL','','ZEBRAノック式油性マーカー　青','EV前',0,0,1,'','',33,105,'','','','',0,126,NULL,NULL,'2017-10-13 07:21:55','2017-10-13 07:21:55',NULL),(568,'白テープ','','白テープ','EV前',0,0,1,'','',0,0,'','','','',0,0,NULL,NULL,'2017-10-13 07:22:40','2017-10-13 07:22:40',NULL),(569,'SRTT-P8','','スリットチューブ','EV前',0,0,1,'','',34,380,'','','','',0,456,NULL,NULL,'2017-10-13 07:24:15','2017-10-13 07:24:15',NULL),(570,'コルゲート通し治具','','コルゲート通し治具　青　ナイロン製　φ5～15','EV前',0,0,1,'49YB000077','',21,60,'','','','',0,72,NULL,NULL,'2017-10-13 07:25:31','2017-10-13 07:25:31',NULL),(571,'726534-1','','','キャビ',0,0,1,'','',31,0,'','','','',0,0,NULL,NULL,'2017-10-13 07:29:57','2017-10-13 07:29:57',NULL),(572,'7176-2567','N','プロテクタ有無確認治具','',0,1,0,'49KC000669','DPE-3J-2386',24,0,'HP5P','S/P','','DPE-3J-2386',14,0,NULL,NULL,'2017-10-16 05:00:39','2017-10-16 05:00:39',NULL),(573,'7176 2567','N','プロテクタ組立治具','',1,0,0,'49CB006356','NAF-17-239',24,0,'HP5P','S/P','','NAF-17-239',14,0,NULL,NULL,'2017-10-16 05:01:41','2017-10-16 05:01:41',NULL),(574,'7009-6405-02-SK-L-SW','N','LA端子組立導通治具','',1,0,0,'49BK000193','NAF-17-240',24,0,'HP5P','単線','カシメ左','NAF-17-240',14,0,NULL,NULL,'2017-10-16 05:02:48','2017-10-16 05:02:48',NULL),(575,'7009-6406-02-SK-D-SW','N','LA端子組立導通治具','',1,0,0,'49BK000194','NAF-17-241',24,0,'HP5P','単線','カシメ下','NAF-17-241',14,0,NULL,NULL,'2017-10-16 05:03:21','2017-10-16 05:03:21',NULL),(576,'7142-6413-51-SW','N','クランプ組立治具','',1,0,0,'49CJ000281','NAF-17-242',24,0,'HP5P','単線','','NAF-17-242',14,0,NULL,NULL,'2017-10-16 05:04:33','2017-10-16 05:04:33',NULL),(577,'P-HEV BBM-14CELL-AF','N','BBM組立治具','',1,0,0,'49BB034561','NAF-17-243',1,0,'P33V','BBM','','NAF-17-243',13,0,NULL,NULL,'2017-10-16 23:37:38','2017-10-16 23:37:38',NULL),(578,'P-HEV BBM-10CELL-AF','N','BBM組立治具','',1,0,0,'49BB034562','NAF-17-244',1,0,'P33V','BBM','','NAF-17-244',13,0,NULL,NULL,'2017-10-16 23:38:01','2017-10-16 23:38:01',NULL),(579,'P-HEV BBM-14CELL-CF','N','BBM検出治具','',0,1,0,'49HA038026','DPE-3J-2387',1,0,'P33V','BBM','','DPE-3J-2387',13,0,NULL,NULL,'2017-10-16 23:38:57','2017-10-16 23:38:57',NULL),(580,'P-HEV BBM-10CELL-CF','N','BBM検出治具','',0,1,0,'49HA038027','DPE-3J-2388',1,0,'P33V','BBM','','DPE-3J-2388',13,0,NULL,NULL,'2017-10-16 23:39:19','2017-10-16 23:39:19',NULL),(581,'87-2998,87-5358+X3Y625-MC51-T','N','耐電圧検査治具','',0,1,0,'49HG000030','DPE-3J-2389',24,0,'720W','1500W分岐BOX','','DPE-3J-2389\r\n',3,0,NULL,NULL,'2017-10-18 01:15:04','2017-10-18 01:15:04',NULL),(582,'TWIST-OKI','N','TWIST取置確認治具','',0,1,0,'49MA001476','NAF-17-245',24,0,'100B','床下','','NAF-17-245',9,0,NULL,NULL,'2017-10-19 00:41:38','2017-10-19 00:41:38',NULL),(583,'E73872944','N','エアリークC/F','',0,1,0,'49HF000604','S6749',22,35065,'','','','',0,42078,NULL,NULL,'2017-10-19 01:19:22','2017-10-19 01:19:22',NULL),(584,'E73890759','N','エアリークC/F','',0,1,0,'49HF000613','S6809',22,32775,'','','','',0,39330,NULL,NULL,'2017-10-19 01:20:03','2017-10-19 01:20:03',NULL),(585,'7388-4954B','N','0.64 6P W/P M','',0,1,0,'49HA033988','K5505',22,25817,'','','','',0,30980,NULL,NULL,'2017-10-19 01:20:50','2017-10-19 01:20:50',NULL),(586,'89-7258-30-D-SW','N','コネクタ組立導通治具','',1,0,0,'49BJ000091','NAF-17-246',24,0,'100B','床下','下','NAF-17-246',9,0,NULL,NULL,'2017-10-19 01:47:07','2017-10-19 01:47:07',NULL),(587,'83-8622','N','040Ⅱ+070-Ⅱ 22P F','',0,1,0,'49HA011781','',15,15660,'4B45V','','','',15,18792,NULL,NULL,'2017-10-19 04:06:52','2017-10-19 04:06:52',NULL),(588,'7114 3095 02-SK-D','N','端子組立治具','',1,0,0,'49BC003469','NAF-17-249',1,0,'HP5P','PN線','カシメ下','NAF-17-249',14,0,NULL,NULL,'2017-10-19 04:21:00','2017-10-19 04:21:00',NULL),(589,'7289 4039 51-SK-U','N','コネクタ組立治具','',1,0,0,'49BB034582','NAF-17-250',1,0,'HP5P','ＰＮ線','上','NAF-17-250',14,0,NULL,NULL,'2017-10-19 04:22:12','2017-10-19 04:22:12',NULL),(590,'TB SOCKET','','','',0,0,1,'49YA000465','',1,5000,'','','','',0,6000,NULL,NULL,'2017-10-19 04:47:48','2017-10-19 04:47:48',NULL),(591,'ABS-ASR','','','',0,0,1,'49YA000029','',35,5000,'','','','',0,6000,NULL,NULL,'2017-10-19 04:49:01','2017-10-19 04:49:01',NULL),(592,'SB','','','',0,0,1,'49YA000030','',18,840,'','','','',0,1008,NULL,NULL,'2017-10-19 04:49:42','2017-10-19 04:49:42',NULL),(593,'NMWP-F','','','',0,0,1,'','',36,850,'','','','',0,1020,NULL,NULL,'2017-10-19 04:51:31','2017-10-19 04:51:31',NULL),(594,'FCI','','','',0,0,1,'49YA000204','',1,1800,'','','','',0,2160,NULL,NULL,'2017-10-19 04:53:01','2017-10-19 04:53:40','2017-10-19 04:53:40'),(595,'CNつつき治具','','CNつつき治具','',0,0,1,'49YA000207','',18,1350,'','','','',0,1620,NULL,NULL,'2017-10-19 04:54:39','2017-10-19 04:54:39',NULL),(596,'VH','','','',0,0,1,'49YA000325','',1,1500,'','','','',0,1800,NULL,NULL,'2017-10-19 04:55:37','2017-10-19 04:55:37',NULL),(597,'SD-0.7','','','',0,0,1,'49YA000368','',26,160,'','','','',0,192,NULL,NULL,'2017-10-19 04:56:33','2017-10-19 04:56:33',NULL),(598,'中電流ヒューズリテナ押し治具','','中電流ヒューズリテナ押し治具','',0,0,1,'49YB000102','',24,600,'','','','',0,720,NULL,NULL,'2017-10-19 04:57:18','2017-10-19 04:57:18',NULL),(599,'OJ-01','','','',0,0,1,'49YB000103','',18,2530,'','','','',0,3036,NULL,NULL,'2017-10-19 04:57:57','2017-10-19 04:57:57',NULL),(600,'Dトラックチューブ通し治具','','Dトラックチューブ通し治具','',0,0,1,'49YB000424','',37,250,'','','','',0,300,NULL,NULL,'2017-10-19 05:00:55','2017-10-19 05:00:55',NULL),(601,'590L-82164-RUBBER PUSH JIG','','','',0,0,1,'49YB000756','NAF-11-294',18,0,'','','','',0,0,NULL,NULL,'2017-10-19 05:02:42','2017-10-19 05:02:42',NULL),(602,'X31186-MM69 PUSH JIG','','','',0,0,1,'','NAF-11-350',24,0,'RDCA','','','',0,0,NULL,NULL,'2017-10-19 06:16:14','2017-10-19 06:16:14',NULL),(603,'OJ-05','','セカンダリーロック押し治具','',0,0,1,'49YB000225','',24,950,'','','','',0,1140,NULL,NULL,'2017-10-19 06:16:52','2017-10-19 06:16:52',NULL),(604,'AK-0066','','','',0,0,0,'49YF000013','',18,720,'','','','',0,864,NULL,NULL,'2017-10-19 06:17:32','2017-10-19 06:17:32',NULL),(605,'7154-3462(HCN)','','','',0,0,1,'49YF000014','',18,3650,'','','','',0,4380,NULL,NULL,'2017-10-19 06:18:02','2017-10-19 06:18:02',NULL),(606,'AK-0003','','ミニISOリレーリヤホルダー解除治具','',0,0,1,'49YF000046','',18,1900,'','','','',0,2280,NULL,NULL,'2017-10-19 06:19:12','2017-10-19 06:19:12',NULL),(607,'RCS800','','TERMINAL TOOL','',0,0,1,'49YA000501','',24,2000,'','','','',0,2400,NULL,NULL,'2017-10-19 06:19:48','2017-10-19 06:19:48',NULL),(608,'リアホルダー嵌合治具（直押しタイプ）','','リアホルダー嵌合治具（直押しタイプ）','',0,0,1,'49YB000710','',24,0,'','','','',0,0,NULL,NULL,'2017-10-19 06:21:17','2017-10-19 06:21:17',NULL),(609,'VS端子押し治具 395A BBM','','VS端子押し治具 395A BBM','',0,0,1,'49YB000753','',2,0,'395A','BBM','','',0,0,NULL,NULL,'2017-10-19 06:22:13','2017-10-19 06:22:13',NULL),(610,'セルサーミスタ押し治具 395A BBM','','セルサーミスタ押し治具 395A BBM','',0,0,1,'49YB000754','',2,0,'395A','BBM','','',0,0,NULL,NULL,'2017-10-19 06:22:49','2017-10-19 06:22:49',NULL),(611,'7125-5306+7125-5297-02','','ハウジング・シェル分離治具','',0,0,1,'49YF000070','',1,20000,'X12G','INV','','',0,24000,NULL,NULL,'2017-10-19 06:24:07','2017-10-19 06:24:07',NULL),(612,'X41173-MFN7-BUSBAR PUSH JIG','','BUSBAR PUSH JIG','',0,0,1,'49YB000755','',24,0,'RTWW','','','',0,0,NULL,NULL,'2017-10-19 06:25:27','2017-10-19 06:25:27',NULL),(613,'フロントリテナー押し治具 82-4617','','フロントリテナー押し治具 82-4617','',0,0,1,'49YB000760','',18,4520,'','','','',0,5424,NULL,NULL,'2017-10-19 06:26:25','2017-10-19 06:26:25',NULL),(614,'7225-5231-5W 端子挿入','','7225-5231-5W 端子挿入','',0,0,1,'49YB000757','',7,0,'395A','S/P','','',0,0,NULL,NULL,'2017-10-19 06:27:17','2017-10-19 06:27:17',NULL),(615,'7389-6869-30+MFT','N','ストレート受け','',1,0,0,'49BB027073','',22,3297,'','','','',0,3956,NULL,NULL,'2017-10-19 23:59:39','2017-10-20 00:00:32',NULL),(616,'7389-6870+MFT','N','ストレート受け','',1,0,0,'49BB027069','',22,2639,'','','','',0,3167,NULL,NULL,'2017-10-20 00:00:54','2017-10-20 00:00:54',NULL),(617,'7388-4825-U+C98','N','TOYOTA 1P M','',0,1,0,'49HA037656','HV9017',15,27778,'','','','',0,33334,NULL,NULL,'2017-10-20 01:13:03','2017-10-20 01:13:03',NULL),(618,'7388-4034-L','N','TOYOTA 1P M','5',0,1,0,'49HA037657','HV9018',15,24983,'','','','',0,29980,NULL,NULL,'2017-10-20 01:13:29','2017-10-29 23:57:58',NULL),(619,'7382-4272A','5','0.64 10P W/P M','',0,1,0,'49HA024126','',22,25135,'','','','',0,30162,NULL,NULL,'2017-10-20 01:52:15','2017-10-20 01:52:15',NULL),(620,'73824050AC1','2','2.3 5P W/P M (CONN+C)','',0,1,0,'49HA025862','',22,32541,'','','','47-1696 / 47-8749',0,39049,NULL,NULL,'2017-10-20 01:53:55','2017-10-20 01:53:55',NULL),(621,'7383-1138A','3','2.3 3P SHAFT-TYPE STOPPER','',0,1,0,'49HA018698','',22,28053,'','','','',0,33664,NULL,NULL,'2017-10-20 01:54:59','2017-10-20 01:54:59',NULL),(622,'7387-1915B','5','1.5 12P F （リテナー検知タイプ）','',0,1,0,'49HA027539','',22,29606,'','','','',0,35527,NULL,NULL,'2017-10-20 01:56:15','2017-10-20 01:56:15',NULL),(623,'7387-4095B1','N','1.5 12P F （スライド検知タイプ）','',0,1,0,'49HA034545','',22,50237,'','','','',0,60284,NULL,NULL,'2017-10-20 01:57:06','2017-10-20 01:57:06',NULL),(624,'AA73896869','N','0.50 21P F （フラットタイプ）','',0,1,0,'49HA037919','',22,37083,'','','','',0,44500,NULL,NULL,'2017-10-20 01:59:04','2017-10-20 01:59:04',NULL),(625,'AA73896870','N','0.50 30P F （フラットタイプ）','',0,1,0,'49HA037936','',22,43190,'','','','',0,51828,NULL,NULL,'2017-10-20 01:59:27','2017-10-20 01:59:27',NULL),(626,'7382-4050A','N','ストレート受け','',1,0,0,'49BB010468','',22,1517,'','','','',0,1820,NULL,NULL,'2017-10-20 02:01:27','2017-10-20 02:01:27',NULL),(627,'7382-4617+MJT','N','ストレート受け','',1,0,0,'49BB023107','',22,1410,'','','','',0,1692,NULL,NULL,'2017-10-20 02:02:03','2017-10-20 02:02:03',NULL),(628,'7383-6321-HF','N','ストレート受け','',1,0,0,'49BB033298','',23,2124,'','','','',0,2549,NULL,NULL,'2017-10-20 02:02:52','2017-10-20 02:02:52',NULL),(629,'SUB7282-4272+47-8749-HOS-S-CL-J','N','引張＋引張力上限機能付・光誘導・引張過ぎ機能付きサブ作製治具','',0,1,0,'49HE000253','',9,101700,'456B','検出サブ','','',5,122040,NULL,NULL,'2017-10-20 02:52:51','2017-10-20 02:52:51',NULL),(630,'端子保護キャップ(7125-8846,8750-06)','','端子保護キャップ','',0,0,1,'49YE000024','',22,0,'549W','','','',7,0,NULL,NULL,'2017-10-24 05:22:17','2017-10-24 05:22:44',NULL),(631,'H/C INLET TM RELEASE JIG(4AX402A002)','','普通充電インレット端子抜き治具','',0,0,1,'49YF000072','',24,7600,'','','','',13,9120,NULL,NULL,'2017-10-24 05:24:50','2017-10-24 05:24:50',NULL),(632,'7009-2906-02挿入治具','','VS端子挿入治具','',0,0,1,'49YB000761','',22,0,'441A','','','',7,0,NULL,NULL,'2017-10-24 05:26:27','2017-10-24 05:26:27',NULL),(633,'X12G PDM40SQ','','ゴム栓挿入治具','',0,0,1,'49YB000762','YDU12180',24,6700,'X12G','','','',13,8040,NULL,NULL,'2017-10-24 05:27:37','2017-10-24 05:27:37',NULL),(634,'REAR HOUSING REMOVING JIG','','リアハウジング解除治具','',0,0,1,'49YF000074','',24,0,'','','','',13,0,NULL,NULL,'2017-10-24 05:29:22','2017-10-24 05:29:22',NULL),(635,'X12G 40SQ FCI','','端子抜き治具','',0,0,1,'49YA000536','',7,14000,'X12G','','','',13,16800,NULL,NULL,'2017-10-24 05:30:33','2017-10-24 05:30:53',NULL),(636,'7335-8365+7335-8366 PUSH JIG','','押し治具 FCI APEX280','',0,0,1,'49YB000792','',38,0,'X12G','','','',0,0,NULL,NULL,'2017-10-24 05:35:39','2017-10-24 05:35:39',NULL),(637,'BRAID WIRE INSERTION JIG 20SQ','','編組通し治具 L53H MTR','',0,0,1,'49YB000770','',24,0,'L53H','','','',0,0,NULL,NULL,'2017-10-24 05:37:12','2017-10-24 05:37:12',NULL),(638,'7386-7504-P','','53P PUSH　挿入治具','',0,0,1,'49YB000693','',0,0,'','','','',0,0,NULL,NULL,'2017-10-24 05:46:30','2017-10-24 05:46:30',NULL),(639,'H/C INLET FH RELEASE JIG  ','','フロントホルダ解除治具','',0,0,1,'49YF000076','',1,9600,'4B45V','','','',15,11520,NULL,NULL,'2017-10-24 05:47:40','2017-10-24 05:47:40',NULL),(640,'X31186-MM69 RELEASE JIG','','抜き治具','',0,0,1,'','',38,0,'RDCA','','','',0,0,NULL,NULL,'2017-10-24 05:49:14','2017-10-24 05:49:14',NULL),(641,'CKZ TERMINAL REMOVAL TOOL','','CKZ端子抜き治具','',0,0,0,'49YA000057','G0417',15,584,'J6AE','','','7282-7350-30  7114-4025～4027',0,701,NULL,NULL,'2017-10-24 05:51:41','2017-10-24 05:51:41',NULL),(642,'PA TERMINAL REMOVAL TOOL','','ＰＡ端子抜き治具','',0,0,1,'49YA000042','G0406',15,738,'J6AE','','','7282-7350-30  7114-4035～4037',0,886,NULL,NULL,'2017-10-24 05:53:23','2017-10-24 05:54:03','2017-10-24 05:54:03'),(643,'83-8156F','','915L BBM 064 20PF C/F フラットタイプ','5',0,1,0,'49HA032235','YDU13092',24,23263,'915L','','','',2,27916,NULL,NULL,'2017-10-24 07:09:19','2017-10-25 04:47:56',NULL),(644,'YESC CONNECTOR TERMINAL SERVICING TOOL','','YESC CONNECTOR TERMINAL SERVICING TOOL','',0,0,1,'49YA000146','48ZZ4009',15,13918,'J6AE','','','HLC060 2P CONNECTOR HOUSING MALE 7182-8049 7114-4100-02 ETC',0,16702,NULL,NULL,'2017-10-26 00:24:09','2017-10-26 00:24:09',NULL),(645,'7272-5179-80+7242-6098-0W PUSH','','ゴム栓押し治具','',0,0,1,'49YB000772','',24,0,'570A','','','',0,0,NULL,NULL,'2017-10-26 00:26:11','2017-10-26 00:26:11',NULL),(646,'BBP SUNPOU KAKUNIN JIGU','','BBP寸法確認治具','',0,0,1,'49YC002415','',24,0,'5K0A','','','',0,0,NULL,NULL,'2017-10-26 00:27:50','2017-10-26 00:27:50',NULL),(647,'25-8570 INVERTER側端子挿入治具','','25-8570 INVERTER側端子挿入治具','',0,0,1,'49YB000776','',24,21450,'','','','',13,25740,NULL,NULL,'2017-10-26 00:30:18','2017-10-26 00:30:18',NULL),(648,'25-8419 MG側端子挿入治具','','25-8419 MG側端子挿入治具','',0,0,1,'49YB000777','',24,22550,'','','','',13,27060,NULL,NULL,'2017-10-26 00:31:42','2017-10-26 00:31:42',NULL),(649,'SIZE CHECK BAR','','寸法確認治具','',0,0,1,'49YZ000019','',18,3710,'BCR','','','',12,4452,NULL,NULL,'2017-10-26 00:34:59','2017-10-26 00:34:59',NULL),(650,'X31358-M438 TANSHI ATSUNYU','','端子圧入治具','',0,0,1,'49YB000806','',24,0,'690A Li','','','',7,0,NULL,NULL,'2017-10-26 00:36:18','2017-10-26 00:36:18',NULL),(651,'M TERMINAL S/P','','端子抜き治具 ','',0,0,1,'49YA000567','',38,0,'5K1','','','業者⇒弘洋に変更依頼中',4,0,NULL,NULL,'2017-10-26 00:37:47','2017-10-26 00:37:47',NULL),(652,'PRT-PUSH-1','','プロテクター押し棒 (LONG) L=100','',0,0,1,'49YB000813','',0,1024,'','','','',12,1229,'file1_652.xls',NULL,'2017-10-26 00:42:17','2017-10-26 00:45:55',NULL),(653,'PRT-PUSH-2','','プロテクター押し棒 (SHORT) L=70','',0,0,1,'49YB000833','',0,1024,'','','','',12,1229,'file1_653.xls',NULL,'2017-10-26 00:43:59','2017-10-26 00:46:12',NULL),(654,'7282-8856-30+7147-8614-P','','挿入工具 (X12G Q/C)','',0,0,1,'49YB000828','YDU13083',24,3870,'X12G','Q/C','','',13,4644,NULL,NULL,'2017-10-26 00:49:39','2017-10-26 00:49:39',NULL),(655,'X56-13B090-PUSH JIG','','セルサーミスタ押し治具(690A LI)','',0,0,1,'49YB000819','',2,28810,'690A','Li','','',7,34572,NULL,NULL,'2017-10-26 00:52:44','2017-10-26 00:52:44',NULL),(656,'X31309-M614-PUSH-JIG','','690A用VS端子押し治具','',0,0,1,'49YB000820','T521',2,2610,'690A','','','',7,3132,NULL,NULL,'2017-10-26 00:54:01','2017-10-26 00:54:01',NULL),(657,'X31309-M797-PUSH-JIG','','690A用VS端子押し治具','',0,0,1,'49YB000821','T522',2,2610,'690A','','','',7,3132,NULL,NULL,'2017-10-26 00:55:05','2017-10-26 00:55:05',NULL),(658,'HENSO OSHI JIG','','編組押し治具','',0,0,1,'49YB000836','YDU13211-1',24,0,'','','','',12,0,NULL,NULL,'2017-10-26 00:56:05','2017-10-26 00:56:05',NULL),(659,'M TERMINAL S/P','','端子抜き作業用受け治具','',0,0,1,'49YZ000076','NAF-13-229',24,0,'5K1','S/P','','',4,0,NULL,NULL,'2017-10-26 01:00:59','2017-10-26 01:00:59',NULL),(660,'7125-5706-06-L (X41325-M363-7116-4048-SW-L)','','押し治具','',0,0,1,'49YB000861','YDU13309',24,26400,'690A','AC','','',0,31680,NULL,NULL,'2017-10-26 01:03:34','2017-10-26 01:04:01',NULL),(661,'7125-5706-06-R (X41325-M363-7116-4048-SW-R)','','690A 押し治具','',0,0,1,'49YB000845','YDU14334',24,33600,'690A','AC','','X41325-M363-7116-4048-SW',0,40320,NULL,NULL,'2017-10-26 01:06:57','2017-10-26 01:06:57',NULL),(662,'7225-5829-5W REAR HOLDER ATSUNYU (X31358-MN96)','','端子圧入治具(770A)','',0,0,1,'49YB000846','NAF-13-286',24,67500,'770A','S/P','','',14,81000,NULL,NULL,'2017-10-26 01:08:44','2017-10-26 01:08:44',NULL),(663,'7137-1945-30','','挿入工具 625W 7125-8414 ユニットパッキン押し治具','',0,0,1,'49YB001034','YDT13001-A01',6,9500,'625W','','','',6,11400,NULL,NULL,'2017-10-26 01:10:45','2017-10-26 01:10:45',NULL),(664,'X31209-MP06-PUSH-JIG','','挿入工具 (680A) VS端子押し治具','',0,0,1,'49YB001078','T625',2,2610,'680A','','','',6,3132,NULL,NULL,'2017-10-26 01:12:31','2017-10-26 01:12:31',NULL),(665,'X31209-MP08-PUSH-JIG','','挿入工具 (680A) VS端子押し治具','',0,0,1,'49YB001079','T621',2,2610,'680A','','','',6,3132,NULL,NULL,'2017-10-26 01:14:06','2017-10-26 01:14:06',NULL),(666,'X31209-MP09-PUSH-JIG','','挿入工具 (680A) VS端子押し治具','',0,0,1,'49YB001080','T622',2,2610,'680A','','','',6,3132,NULL,NULL,'2017-10-26 01:18:02','2017-10-26 01:18:02',NULL),(667,'X31409-MCE3-PUSH-JIG','','挿入工具 (680A) VS端子押し治具','',0,0,1,'49YB001081','T620',2,2610,'680A','','','',6,3132,NULL,NULL,'2017-10-26 01:19:07','2017-10-26 01:19:07',NULL),(668,'0.5/1.0 SEAL CONN RETAINER(AMP)','','リテナー押し治具','',0,0,1,'49YB001098','',1,12600,'680A','','','AMP 0.5防水コネクタ用　10本ロット⇒2300円/本',6,15120,NULL,NULL,'2017-10-26 02:13:07','2017-10-26 02:13:07',NULL),(669,'X31209-MP08+MP09-PUSH-JIG','','挿入工具 680A VS端子押し治具','',0,0,1,'49YB001127','T629',2,6690,'680A','','','MP08+MP09作業検証用',6,8028,NULL,NULL,'2017-10-26 02:15:23','2017-10-26 02:15:23',NULL),(670,'7282-8120 RETAINER PUSH JIG','','リテナー押し治具','',0,0,1,'49YB001324','',1,10000,'','','','',6,12000,NULL,NULL,'2017-10-26 02:17:00','2017-10-26 02:17:00',NULL),(671,'7225-8376-51 RETAINER PUSH JIG','','リテナー押し治具','',0,0,1,'49YB001325','',7,15000,'','','','',6,18000,NULL,NULL,'2017-10-26 02:18:05','2017-10-26 02:18:05',NULL),(672,'QUICK CHARGE SEAL PUSH JIG 40','','ゴム栓押し治具 7172-5017-20','',0,0,1,'49YB001326','',1,10000,'','急速充電コネクタ','','',6,12000,NULL,NULL,'2017-10-26 02:22:39','2017-10-26 02:22:39',NULL),(673,'Q/C REAR HOLDER PUSH JIG','','リアホルダ押し治具 7125-5214','',0,0,1,'49YB001327','',1,10000,'','急速充電コネクタ','','',6,12000,NULL,NULL,'2017-10-26 02:23:49','2017-10-26 02:23:49',NULL),(674,'9.5 1P(L) TERMINAL INSERT JIG','','端子挿入治具 7187-8129他','',0,0,1,'49YB001359','',1,45000,'','','','汎用挿入治具',6,54000,NULL,NULL,'2017-10-26 02:25:20','2017-10-26 02:25:20',NULL),(675,'7187-8127 TERMINAL INSERT JIG','','端子挿入治具 7187-8127','',0,0,1,'49YB001370','',1,45000,'','','','',6,54000,NULL,NULL,'2017-10-26 02:26:39','2017-10-26 02:26:39',NULL),(676,'7187-8128 TERMINAL INSERT JIG','','端子挿入治具 7187-8128-51','',0,0,1,'49YB001371','',1,45000,'','','','',6,54000,NULL,NULL,'2017-10-26 02:28:24','2017-10-26 02:28:24',NULL),(677,'7187-8129 TERMINAL INSERT JIG','','端子挿入治具 7187-8129','',0,0,1,'49YB001372','',1,45000,'','','','',6,54000,NULL,NULL,'2017-10-26 02:30:19','2017-10-26 02:30:19',NULL),(678,'7187-8130 TERMINAL INSERT JIG','','端子挿入治具 7187-8130-51','',0,0,1,'49YB001373','',1,45000,'','','','',6,54000,NULL,NULL,'2017-10-26 02:31:58','2017-10-26 02:31:58',NULL),(679,'NEW 1-83A (0.64-2)','','0.64Ⅱ端子抜き治具NEW','',0,0,1,'49YA000621','',27,0,'','','','新タイプ　１－８３Ａ　抜き治具（旧 49YA000158(1-78)）',0,0,NULL,NULL,'2017-10-26 02:34:43','2017-10-26 02:34:43',NULL),(680,'7382-4854','N','064Ⅱ18Ｐ','5',0,1,0,'49HA028010','',24,17378,'230A','電池パック','R','',0,20854,NULL,NULL,'2017-10-26 04:22:26','2017-10-26 04:22:26',NULL),(681,'7383-0026-U-3','','4.8 2P-F-U-3 ','5',0,1,0,'49HA037823','HV9057',15,25436,'550W','A/C','R','ゲージ込価格',10,30523,NULL,NULL,'2017-10-26 04:25:31','2017-10-26 04:25:31',NULL),(682,'7383-1648+C181','5','090ⅡW/P 4P-F+C(83-1648+47-8749)','5',0,1,0,'49HA009105','',15,27062,'','','','',0,32474,NULL,NULL,'2017-10-26 04:27:49','2017-10-26 04:27:49',NULL),(683,'745W-THR-OSHI','N','49YB001571','',0,0,1,'49YB001571','',9,0,'745W','サーミスタSUB','','',5,0,NULL,NULL,'2017-10-27 02:45:18','2017-10-27 02:45:18',NULL),(684,'7383-2511','4','TOYOTA 11P F(HLC)','5',0,1,0,'49HA017354','WSZ4371',15,0,'','','','',0,0,NULL,NULL,'2017-10-27 02:56:16','2017-10-27 02:56:16',NULL),(685,'7289-5594-U','1','コネクタ類確認 680A','5',0,1,0,'49HA034734','DPE3J-2134',1,45200,'680A','','','',14,54240,NULL,NULL,'2017-10-27 07:04:57','2017-10-29 23:52:59',NULL),(686,'7289-4038-51-L','3','9.5 1P F L字コネクタ','5',0,1,0,'49HA033434','T610',2,23160,'629W','','L','',2,27792,NULL,NULL,'2017-10-29 23:57:17','2017-10-29 23:57:17',NULL),(687,'7289-4038-51-U','4','9.5 1P F','5',0,1,0,'49HA033549','',1,36700,'770A','S/P','U','',14,44040,NULL,NULL,'2017-10-29 23:59:33','2017-10-29 23:59:33',NULL),(688,'7289-4036-51-U','3','9.5 1P F','5',0,1,0,'49HA033438','',1,36350,'629W','','U','',14,43620,NULL,NULL,'2017-10-30 00:03:53','2017-10-30 00:03:53',NULL),(689,'7009 9477 02-D-SW','4','LA組立検出治具','',1,1,0,'49BC002308','YDU13006',24,7090,'','','','',0,8508,NULL,NULL,'2017-10-30 00:06:46','2017-10-30 00:06:46',NULL),(690,'7289-4826-51-SUB','N','サブ受け','',1,0,0,'49AC000794','NAF-17-257',1,0,'HP5P','単線','','NAF-17-257',14,0,NULL,NULL,'2017-10-30 06:51:22','2017-10-30 06:51:22',NULL),(691,'7242-6439+6396-51-SK','N','BBM組立治具','',1,0,0,'49BB034723','NAF-17-252',9,0,'HP5P','BBM','','NAF-17-252',13,0,NULL,NULL,'2017-10-30 23:26:11','2017-10-30 23:26:11',NULL),(692,'7242-6399+6398-51-SK','N','BBM組立治具','',1,0,0,'49BB034724','NAF-17-253',9,0,'HP5P','BBM','','NAF-17-253',13,0,NULL,NULL,'2017-10-30 23:26:36','2017-10-30 23:26:36',NULL),(693,'7242-6401+6400-51-SK','N','BBM組立治具','',1,0,0,'49BB034725','NAF-17-254',9,0,'HP5P','BBM','','NAF-17-254',13,0,NULL,NULL,'2017-10-30 23:27:04','2017-10-30 23:27:04',NULL),(694,'7242-6403+6438-51-SK','N','BBM組立治具','',1,0,0,'49BB034726','NAF-17-255',9,0,'HP5P','BBM','','NAF-17-255',13,0,NULL,NULL,'2017-10-30 23:27:29','2017-10-30 23:27:29',NULL),(695,'7242-6397+6402-51-SK','N','BBM組立治具','',1,0,0,'49BB034727','NAF-17-256',9,0,'HP5P','BBM','','NAF-17-256',13,0,NULL,NULL,'2017-10-30 23:27:53','2017-10-30 23:27:53',NULL),(696,'7009-6302-02-D-SW','N','LA端子組立導通治具','',0,1,0,'49BK000197','NAF-17-258',24,0,'HP5P','A/C','カシメ下','NAF-17-258',10,0,NULL,NULL,'2017-10-31 00:18:57','2017-11-01 02:24:45',NULL),(697,'7003-2960-02-R-SW','N','LA端子組立導通治具','',0,1,0,'49BK000198','NAF-17-259',24,0,'HP5P','A/C','カシメ右','NAF-17-259',10,0,NULL,NULL,'2017-10-31 00:19:22','2017-11-01 02:24:55',NULL),(698,'7276 2699 3W','N','プロテクタ組立治具','',1,0,0,'49CB006365','NAF-17-260',16,0,'220B','床下','','NAF-17-260',10,0,NULL,NULL,'2017-10-31 01:55:53','2017-10-31 01:55:53',NULL),(699,'SUB7282-5832-HOS-H-CL-J','N','引張・光誘導機能付サブ作製治具','',0,1,0,'49HE000254','DPE-3J-2399',9,0,'HP5P','BBM','','DPE-3J-2399',19,0,NULL,NULL,'2017-10-31 07:27:40','2017-10-31 07:46:37',NULL),(700,'SUB7283-5832-HOS-HS-CL-S','N','引張・光誘導・スライド機能付サブ作製治具','',0,1,0,'49HE000255','DPE-3J-2400',9,0,'HP5P','BBM','','DPE-3J-2400',19,0,NULL,NULL,'2017-10-31 07:42:38','2017-10-31 07:42:38',NULL),(701,'SUB7283-2219-HOS-H-CL-J','N','引張・光誘導機能付サブ作製治具','',0,1,0,'49HE000256','DPE-3J-2401',9,0,'HP5P','BBM','','DPE-3J-2401',19,0,NULL,NULL,'2017-10-31 07:43:36','2017-10-31 07:43:36',NULL),(702,'SUB7282-4672-HOS-HS-CL-S','N','引張・光誘導・スライド機能付サブ作製治具','',0,1,0,'49HE000257','DPE-3J-2402',9,0,'HP5P','BBM','','DPE-3J-2402',19,0,NULL,NULL,'2017-10-31 07:44:21','2017-10-31 07:44:21',NULL),(703,'SUB7282-4671-HOS-HS-CL-S(A)','N','引張・光誘導・スライド機能付サブ作製治具','',0,1,0,'49HE000258','DPE-3J-2403',9,0,'HP5P','BBM','','DPE-3J-2403',19,0,NULL,NULL,'2017-10-31 07:44:58','2017-10-31 07:44:58',NULL),(704,'SUB7282-4671-HOS-HS-CL-S(B)','N','引張・光誘導・スライド機能付サブ作製治具','',0,1,0,'49HE000259','DPE-3J-2404',9,0,'HP5P','BBM','','DPE-3J-2404',19,0,NULL,NULL,'2017-10-31 07:45:19','2017-10-31 07:45:19',NULL),(705,'SUB7287-7116-HOS-HS-CL-S','N','引張・光誘導・スライド機能付サブ作製治具','',0,1,0,'49HE000260','DPE-3J-2405',9,0,'HP5P','BBM','','DPE-3J-2405',19,0,NULL,NULL,'2017-10-31 07:45:53','2017-10-31 07:45:53',NULL),(706,'SUB7242-6439-51+7242-6396-51-L-S','N','BBM LED誘導','',0,1,0,'49HE000261','DPE-3J-2394',9,0,'HP5P','BBM','','DPE-3J-2394',5,0,NULL,NULL,'2017-10-31 23:36:57','2017-10-31 23:36:57',NULL),(707,'SUB7242-6399-51+7242-6398-51-L-S','N','BBM LED誘導','',0,1,0,'49HE000262','DPE-3J-2395',9,0,'HP5P','BBM','','DPE-3J-2395',5,0,NULL,NULL,'2017-10-31 23:37:26','2017-10-31 23:37:26',NULL),(708,'SUB7242-6401-51+7242-6400-51-L-S','N','BBM LED誘導','',0,1,0,'49HE000263','DPE-3J-2396',9,0,'HP5P','BBM','','DPE-3J-2396',5,0,NULL,NULL,'2017-10-31 23:37:49','2017-10-31 23:37:49',NULL),(709,'SUB7242-6403-51+7242-6438-51-L-S','N','BBM LED誘導','',0,1,0,'49HE000264','DPE-3J-2397',9,0,'HP5P','BBM','','DPE-3J-2397',5,0,NULL,NULL,'2017-10-31 23:38:11','2017-10-31 23:38:11',NULL),(710,'SUB7242-6397-51+7242-6402-51-L-S','N','BBM LED誘導','',0,1,0,'49HE000265','DPE-3J-2398',9,0,'HP5P','BBM','','DPE-3J-2398',5,0,NULL,NULL,'2017-10-31 23:38:40','2017-10-31 23:38:40',NULL),(711,'7176-2427,2428-50-SW','N','プロテクタ組立導通治具','',1,0,0,'49CK000088','NAF-17-261',1,0,'HP5P','BBM','','NAF-17-261',13,0,NULL,NULL,'2017-11-01 01:56:06','2017-11-01 01:56:06',NULL),(712,'HP5P-BBM-TYPE-2,3','N','BBM導通検査治具','',0,1,0,'49HA038062','DPE-3J-2406',1,0,'HP5P','BBM','','DPE-3J-2406',13,0,NULL,NULL,'2017-11-01 01:57:05','2017-11-01 01:57:05',NULL),(713,'HP5P-BBM-TYPE-1,4,5','N','BBM導通検査治具','',0,1,0,'49HA038063','DPE-3J-2407',1,0,'HP5P','BBM','','DPE-3J-2407',13,0,NULL,NULL,'2017-11-01 01:57:26','2017-11-01 01:57:26',NULL),(714,'7009-9530-02-SK-U-SW','N','LA組立導通治具','',1,0,0,'49BK000200','NAF-17-267',24,0,'HP5P','単線','カシメ上','NAF-17-267',14,0,NULL,NULL,'2017-11-06 06:42:46','2017-11-06 06:42:46',NULL),(715,'89 7258 30-D-2','N','コネクタ組立治具','',1,0,0,'49BB034777','NAF-17-268',24,0,'100B','床下','下','NAF-17-268',9,0,NULL,NULL,'2017-11-06 07:36:17','2017-11-06 07:36:17',NULL);
/*!40101 SET @saved_cs_client     = @@character_set_client */;
/*!40101 SET character_set_client = utf8 */;
CREATE TABLE `users` (
  `id` int(10) unsigned NOT NULL AUTO_INCREMENT,
  `username` varchar(255) COLLATE utf8_unicode_ci NOT NULL,
  `password` varchar(60) COLLATE utf8_unicode_ci NOT NULL,
  `role` varchar(10) COLLATE utf8_unicode_ci NOT NULL,
  `remember_token` varchar(100) COLLATE utf8_unicode_ci DEFAULT NULL,
  `created_at` timestamp NULL DEFAULT NULL,
  `updated_at` timestamp NULL DEFAULT NULL,
  `deleted_at` timestamp NULL DEFAULT NULL,
  PRIMARY KEY (`id`),
  UNIQUE KEY `users_username_unique` (`username`)
) ENGINE=InnoDB AUTO_INCREMENT=22 DEFAULT CHARSET=utf8 COLLATE=utf8_unicode_ci;
/*!40101 SET character_set_client = @saved_cs_client */;
INSERT INTO `users` VALUES (1,'admin','$2y$10$m5hAWOR.PPdf4sA4SNW5ae9WvXFZNRVKn5/Eca.Vo1Yu7nJJSphV.','管理者','NqmCeZjRZ2W4eUpw4m5rGg3HzEWAPi8yEx1mXtjRl88Rr0vGr5lsu8jHDGA9','2017-02-02 15:00:00','2017-10-23 06:22:06',NULL),(2,'takaoka_a','$2y$10$4spcH852RUfu3TCzzamoXe.FWJ76CXxXFJ3thkuFpCLSX5oUFy11G','管理者','Bo16cZGnymYCkVblngOitFnj4tELk1bdSEJzNgvVB7nOGGr3rSa8oPiTAhGw','2017-02-02 15:00:00','2017-06-26 00:29:35',NULL),(3,'ito_m','$2y$10$5TfNwP2wrEzigAhTZxbz4ecr1ySoDPYMH08PJ9RNoOuVrp6I.huiC','管理者','HvQv2juv3amrZhtPew5qEJrtI0EgGv4IPkdZfHtMoSbU3iptZf4Q9BkhuH1r','2017-02-09 04:48:03','2017-11-06 07:36:20',NULL),(4,'yamashita_y','$2y$10$Ly5TGAagMSvjzqjgUUwuvOLGg0/UJmv/lsH69XRWHg9Nv5jB8zguG','管理者',NULL,'2017-02-09 04:48:56','2017-02-09 04:53:42',NULL),(5,'ota_k','$2y$10$pxWmieNphXI6P5.wkNItRuthqNQPUV/M5f4ZApfMnZVJD7iPvOxQq','ユーザー',NULL,'2017-02-09 04:49:23','2017-02-09 04:53:57',NULL),(6,'tsuru_t','$2y$10$/KhLIpuBSmhWH8BjyO3fl.6KFOQDOjp9.AbcalTa2g.2TF2rddDhS','ユーザー','cHAC04NNIErXbjZGTwn8yd57GrIzecwJzqsn3RzKxiN13ovu1plZPAo6orI8','2017-02-09 04:49:54','2017-06-19 23:55:33',NULL),(7,'ohishi_a','$2y$10$Zx2PkCsM3NKpMzkM0MqUj.l2wlK1C3Ro7bNkVHTfY2lS2H7qJDicO','ユーザー','p03Y638ksr4HYKNUhmiVntz7IYVjnrxmY2nXqgyDAs85kKOnXF5hvSFp8EwA','2017-02-09 04:50:28','2017-06-26 00:31:19',NULL),(8,'otani_y','$2y$10$mw6XFAUC/r/Ccsl.t2sYb.lXDhqMcINFaOjgyKjwwV5Hq3NFGVT4S','ユーザー',NULL,'2017-02-09 04:50:50','2017-02-09 04:54:45',NULL),(9,'handa_k','$2y$10$fx4f4GFDgipeYoTGslykxeFgzHTqO.k6bdCuKdkIJ5L4RlJcsJboK','ユーザー','5bSG0BNVI5ktzVFGdFmhkYQs49CwX4SECzIEdSw1pZTo9mN5hLfkD68s2xrK','2017-02-09 04:51:12','2017-04-12 04:48:56',NULL),(10,'matsumura_n','$2y$10$BwweaTHa88HSZAX4b68PluQmC51/zinXrn2EtEOV.lTf2tA5XZZ3u','管理者',NULL,'2017-02-09 04:51:36','2017-10-23 02:03:20',NULL),(11,'kamada_h','$2y$10$.q5KU8pNSZw.qNC04Zn9u.oTU0l7wdRS5C9zfzV6py5uq8u/EmvOi','ユーザー','EGADuN9d6Y4HO1fEufYXaKQZWZjKFWEuUAFi2WfRyCGbMU9rBAp52oCT1nql','2017-02-09 04:55:31','2017-03-31 00:46:01',NULL),(12,'sugimoto_n','$2y$10$1kIm/39Bz5eW.t99IJMp.uANGtM7A0.6dEUByBmzVi3PCIa4cK2BK','ユーザー',NULL,'2017-02-09 04:55:51','2017-02-09 04:55:51',NULL),(13,'nonaka_d','$2y$10$ei6OWskzfKaFk2WwtiCoIuWBW3342VebSUE2z6TNLaX5AgwBzVAx6','ユーザー','ExX4NycJBTRovbMUW5OxWskEjPkEvXe49PAezIx2nCoHVOWOMQCSqCskvNeV','2017-02-09 04:56:08','2017-02-10 01:23:56',NULL),(14,'okitsu_t','$2y$10$/I7hhi2IL7Ctnb8thNXjo.a7E9FY6qGEOUUC5MHg6bfhGmGEhEkW2','ユーザー','AtNN9LQt0FmyKkDsbohtHUvWjrKfX6AFAdcyKDCy7nreQnEA0GJSxNumt2Hj','2017-02-09 04:56:27','2017-04-17 06:18:19',NULL),(15,'matsumoto_y','$2y$10$t2mKCeOPQKepvfM/QCg9UOGhAaGIEjUw/WjsdhJoDfLJ0WzGsiL4G','ユーザー',NULL,'2017-02-09 04:56:54','2017-02-09 04:56:54',NULL),(16,'matsumura_s','$2y$10$WYH9srfb1u/dVTYu40ST3eAHs6/bNMDLhF8YHXEzCbl2XXtFOhVwm','ユーザー','MjfMEEYCyQgQ1ox7pF8F4MywXQ8AHVegHxGoqTV40CJRmv6EjPnxXNHwHJ05','2017-02-09 04:57:15','2017-07-12 05:34:40',NULL),(17,'kawahara_h','$2y$10$Ux264WEWJmW4YsTTp1mEFOYQL7D6Y2xTYZDrEz3o5lQeO9n2cDtG6','ユーザー',NULL,'2017-02-09 04:58:13','2017-02-09 04:58:13',NULL),(18,'hanazawa_s','$2y$10$.Uh6n5AUpMuWDLIijVbYfe7pd9O1RIhvMxkeawwTmtqWxnca3JdEK','ユーザー',NULL,'2017-02-09 04:58:35','2017-02-09 04:58:35',NULL),(19,'ishizuka_h','$2y$10$tTyzjeJJfqwPzzNX2bhBx.8cfvl7w9ptTYpivcS/QhqojwMcUJhLy','ユーザー',NULL,'2017-06-20 00:08:10','2017-09-28 02:38:41','2017-09-28 02:38:41'),(20,'harada_y','$2y$10$eBrbNcIL.Qsba.pHbBcUZOMxzeSeIQ8kw7rMFFKm5eesI6Cy6IUYG','ユーザー',NULL,'2017-09-28 02:42:13','2017-09-28 02:42:13',NULL),(21,'tamura_a','$2y$10$dNWUODxL4s/ncMvB0kAsTeJRJE//PE13VgiP5P7u67kkE14yNG0KG','管理者',NULL,'2017-09-28 02:42:57','2017-09-28 02:42:57',NULL);
