/*!40101 SET @saved_cs_client     = @@character_set_client */;
/*!40101 SET character_set_client = utf8 */;
CREATE TABLE `T_history_seppen` (
  `id` int(10) unsigned NOT NULL AUTO_INCREMENT,
  `storage_id` int(11) NOT NULL,
  `comment` varchar(255) COLLATE utf8_unicode_ci NOT NULL,
  PRIMARY KEY (`id`)
) ENGINE=InnoDB DEFAULT CHARSET=utf8 COLLATE=utf8_unicode_ci;
/*!40101 SET character_set_client = @saved_cs_client */;
/*!40101 SET @saved_cs_client     = @@character_set_client */;
/*!40101 SET character_set_client = utf8 */;
CREATE TABLE `T_storage_in` (
  `id` int(10) unsigned NOT NULL AUTO_INCREMENT,
  `storage_id` int(11) NOT NULL,
  `date` date NOT NULL,
  `time` time NOT NULL,
  `stock` int(11) NOT NULL,
  PRIMARY KEY (`id`)
) ENGINE=InnoDB AUTO_INCREMENT=90 DEFAULT CHARSET=utf8 COLLATE=utf8_unicode_ci;
/*!40101 SET character_set_client = @saved_cs_client */;
INSERT INTO `T_storage_in` VALUES (1,150,'2017-03-29','11:52:55',1),(2,151,'2017-03-29','11:53:01',1),(3,163,'2017-04-05','08:55:10',1),(4,164,'2017-04-05','08:59:02',2),(5,165,'2017-04-05','09:10:28',1),(6,171,'2017-04-11','11:46:13',9),(7,172,'2017-04-11','11:55:28',8),(8,173,'2017-04-11','12:01:27',5),(9,174,'2017-04-11','14:26:38',6),(10,175,'2017-04-11','14:42:29',11),(11,176,'2017-04-11','14:42:47',10),(12,178,'2017-04-12','13:14:18',1),(13,179,'2017-04-12','13:17:23',1),(14,152,'2017-04-20','10:28:13',1),(15,85,'2017-04-24','14:15:47',1),(16,2,'2017-04-24','14:20:46',6),(17,3,'2017-04-24','14:22:08',4),(18,4,'2017-04-24','14:26:44',3),(19,5,'2017-04-24','14:28:12',1),(20,6,'2017-04-24','14:31:04',3),(21,7,'2017-04-24','14:35:17',1),(22,8,'2017-04-24','14:36:58',2),(23,32,'2017-04-24','14:52:26',1),(24,17,'2017-04-24','14:57:26',1),(25,15,'2017-04-24','14:58:06',1),(26,14,'2017-04-24','14:59:14',1),(27,16,'2017-04-24','14:59:20',1),(28,9,'2017-04-24','15:22:39',1),(29,10,'2017-04-24','15:23:15',5),(30,89,'2017-04-24','15:32:45',1),(31,187,'2017-04-24','15:36:21',1),(32,11,'2017-04-24','15:38:59',5),(33,19,'2017-04-24','15:39:35',1),(34,12,'2017-04-24','15:41:51',1),(35,13,'2017-04-24','15:45:08',1),(36,29,'2017-04-24','15:49:20',6),(37,30,'2017-04-24','15:52:45',2),(38,188,'2017-04-24','15:56:25',1),(39,90,'2017-04-24','15:59:18',7),(40,33,'2017-04-24','16:01:00',1),(41,189,'2017-04-24','16:04:50',3),(42,190,'2017-04-27','09:19:09',4),(43,191,'2017-04-27','15:20:15',1),(44,192,'2017-04-27','15:20:50',1),(45,39,'2017-05-09','09:09:21',1),(46,36,'2017-05-09','09:11:03',2),(47,35,'2017-05-09','09:14:14',4),(48,34,'2017-05-09','09:18:13',2),(49,42,'2017-05-09','09:25:54',1),(50,43,'2017-05-09','09:26:02',1),(51,200,'2017-05-09','09:34:47',2),(52,40,'2017-05-09','09:36:47',1),(53,41,'2017-05-09','09:36:54',1),(54,91,'2017-05-09','09:47:21',3),(55,38,'2017-05-09','09:48:22',1),(56,44,'2017-05-09','09:49:29',1),(57,45,'2017-05-09','09:51:36',2),(58,46,'2017-05-09','09:52:51',1),(59,47,'2017-05-09','09:55:10',1),(60,48,'2017-05-09','09:55:28',1),(61,49,'2017-05-09','09:55:32',1),(62,50,'2017-05-09','10:01:28',1),(63,53,'2017-05-09','10:03:44',1),(64,54,'2017-05-09','10:03:50',1),(65,56,'2017-05-09','10:18:08',12),(66,57,'2017-05-09','10:21:48',9),(67,55,'2017-05-09','10:22:46',3),(68,58,'2017-05-09','10:26:09',11),(69,59,'2017-05-09','10:29:55',4),(70,62,'2017-05-09','10:32:48',1),(71,61,'2017-05-09','10:32:57',2),(72,63,'2017-05-09','10:35:05',2),(73,64,'2017-05-09','10:35:14',1),(74,65,'2017-05-09','10:37:24',2),(75,67,'2017-05-09','10:39:11',2),(76,69,'2017-05-09','10:41:46',1),(77,68,'2017-05-09','10:41:54',2),(78,73,'2017-05-09','10:46:56',4),(79,71,'2017-05-09','11:00:42',2),(80,66,'2017-05-09','11:01:21',1),(81,74,'2017-05-09','11:02:21',2),(82,82,'2017-05-09','11:04:49',2),(83,77,'2017-05-09','11:06:03',1),(84,78,'2017-05-09','11:06:08',1),(85,76,'2017-05-09','11:10:32',2),(86,79,'2017-05-09','11:10:40',2),(87,81,'2017-05-09','11:15:24',3),(88,80,'2017-05-09','11:15:31',1),(89,75,'2017-05-09','11:16:33',1);
/*!40101 SET @saved_cs_client     = @@character_set_client */;
/*!40101 SET character_set_client = utf8 */;
CREATE TABLE `T_storage_out` (
  `id` int(10) unsigned NOT NULL AUTO_INCREMENT,
  `storage_id` int(11) NOT NULL,
  `date` date NOT NULL,
  `time` time NOT NULL,
  `stock` int(11) NOT NULL,
  PRIMARY KEY (`id`)
) ENGINE=InnoDB AUTO_INCREMENT=14 DEFAULT CHARSET=utf8 COLLATE=utf8_unicode_ci;
/*!40101 SET character_set_client = @saved_cs_client */;
INSERT INTO `T_storage_out` VALUES (1,150,'2017-03-29','11:53:24',1),(2,151,'2017-03-29','11:53:48',1),(3,163,'2017-04-05','08:55:20',1),(4,164,'2017-04-05','08:59:09',2),(5,165,'2017-04-05','09:10:34',1),(6,178,'2017-04-12','13:14:26',1),(7,179,'2017-04-12','13:17:30',1),(8,175,'2017-04-13','15:14:06',1),(9,152,'2017-04-20','10:28:20',1),(10,29,'2017-04-27','10:46:20',1),(11,191,'2017-04-27','15:20:20',1),(12,192,'2017-04-27','15:20:56',1),(13,12,'2017-05-08','10:32:43',1);
/*!40101 SET @saved_cs_client     = @@character_set_client */;
/*!40101 SET character_set_client = utf8 */;
CREATE TABLE `merchant` (
  `id` int(10) unsigned NOT NULL AUTO_INCREMENT,
  `name` varchar(255) COLLATE utf8_unicode_ci NOT NULL,
  `furigana` varchar(255) COLLATE utf8_unicode_ci NOT NULL,
  `deleted_at` timestamp NULL DEFAULT NULL,
  PRIMARY KEY (`id`),
  UNIQUE KEY `merchant_name_unique` (`name`)
) ENGINE=InnoDB AUTO_INCREMENT=31 DEFAULT CHARSET=utf8 COLLATE=utf8_unicode_ci;
/*!40101 SET character_set_client = @saved_cs_client */;
INSERT INTO `merchant` VALUES (1,'弘洋','コウヨウ',NULL),(2,'横浜テクニカ','ヨコハマテクニカ',NULL),(3,'矢崎化工','ヤザキカコウ',NULL),(4,'モデック','モデック',NULL),(5,'松浦製作所','マツウラセイサクショ',NULL),(6,'増田工業','マスダコウギョウ',NULL),(7,'フケン販売','フケンハンバイ',NULL),(8,'深谷製作所','フカヤセイサクショ',NULL),(9,'ファムテック','ファムテック',NULL),(10,'花澤製作所','ハナザワセイサクショ',NULL),(11,'ナカモク','ナカモク',NULL),(12,'エヌテック','エヌテック',NULL),(13,'MPA','MPA',NULL),(14,'大東機械','ダイトウキカイ',NULL),(15,'HIB専用機','HIBセンヨウキ',NULL),(16,'ISJ','ISJ',NULL),(17,'MKH','MKH',NULL),(18,'野中技研','ノナカギケン',NULL),(19,'NIM','NIM',NULL),(20,'OMP','OMP',NULL),(21,'SSN','SSN',NULL),(22,'TNS','TNS',NULL),(23,'TCS','TCS',NULL),(24,'植田部品','ウエダブヒン',NULL),(25,'湖西機工','コサイキコウ',NULL),(26,'佐野','サノ',NULL),(27,'WSZ','WSZ',NULL),(28,'先生鉄工所','センセイテッコウジョ',NULL),(29,'長野工業','ナガノコウギョウ',NULL),(30,'保土沢','ホドサワ',NULL);
/*!40101 SET @saved_cs_client     = @@character_set_client */;
/*!40101 SET character_set_client = utf8 */;
CREATE TABLE `migrations` (
  `migration` varchar(255) COLLATE utf8_unicode_ci NOT NULL,
  `batch` int(11) NOT NULL
) ENGINE=InnoDB DEFAULT CHARSET=utf8 COLLATE=utf8_unicode_ci;
/*!40101 SET character_set_client = @saved_cs_client */;
INSERT INTO `migrations` VALUES ('2014_10_12_000000_create_users_table',1),('2016_09_13_145904_create_storage_table',1),('2016_09_27_131033_create_storage_in_table',1),('2016_09_29_092125_create_storage_out_table',1),('2017_01_16_125907_create_pic_table',1),('2017_01_16_151754_create_merchant_table',1),('2017_01_17_115942_create_seppen_history_table',1),('2017_01_23_092206_add_furigana_merchant_table',1),('2017_01_23_092211_add_furigana_pic_table',1),('2017_02_09_143856_storage_whq_to_int',2);
/*!40101 SET @saved_cs_client     = @@character_set_client */;
/*!40101 SET character_set_client = utf8 */;
CREATE TABLE `pic` (
  `id` int(10) unsigned NOT NULL AUTO_INCREMENT,
  `name` varchar(255) COLLATE utf8_unicode_ci NOT NULL,
  `furigana` varchar(255) COLLATE utf8_unicode_ci NOT NULL,
  `deleted_at` timestamp NULL DEFAULT NULL,
  PRIMARY KEY (`id`),
  UNIQUE KEY `pic_name_unique` (`name`)
) ENGINE=InnoDB AUTO_INCREMENT=18 DEFAULT CHARSET=utf8 COLLATE=utf8_unicode_ci;
/*!40101 SET character_set_client = @saved_cs_client */;
INSERT INTO `pic` VALUES (1,'山下','ヤマシタ',NULL),(2,'太田','オオタ',NULL),(3,'大谷','オオタニ',NULL),(4,'大石','オオイシ',NULL),(5,'松村伸','マツムラノブ',NULL),(6,'半田','ハンダ',NULL),(7,'鶴','ツル',NULL),(8,'杉本','スギモト',NULL),(9,'花澤','ハナザワ',NULL),(10,'興津','オキツ',NULL),(11,'河原','カワハラ',NULL),(12,'鎌田','カマダ',NULL),(13,'野中','ノナカ',NULL),(14,'松村瞬','マツムラシュン',NULL),(15,'松本','マツモト',NULL),(16,'伊藤','イトウ',NULL),(17,'髙岡','タカオカ',NULL);
/*!40101 SET @saved_cs_client     = @@character_set_client */;
/*!40101 SET character_set_client = utf8 */;
CREATE TABLE `storage` (
  `id` int(10) unsigned NOT NULL AUTO_INCREMENT,
  `hinban` varchar(255) COLLATE utf8_unicode_ci NOT NULL,
  `seppenfugou` varchar(10) COLLATE utf8_unicode_ci DEFAULT NULL,
  `name` varchar(100) COLLATE utf8_unicode_ci NOT NULL,
  `tanaban` varchar(100) COLLATE utf8_unicode_ci NOT NULL,
  `af` tinyint(1) NOT NULL DEFAULT '0',
  `cf` tinyint(1) NOT NULL DEFAULT '0',
  `other` tinyint(1) NOT NULL DEFAULT '0',
  `chikouguhinban` varchar(255) COLLATE utf8_unicode_ci DEFAULT NULL,
  `zuuban` varchar(20) COLLATE utf8_unicode_ci DEFAULT NULL,
  `gyousha` int(11) NOT NULL,
  `unit_price` int(11) NOT NULL,
  `shashu` varchar(20) COLLATE utf8_unicode_ci DEFAULT NULL,
  `bui` varchar(20) COLLATE utf8_unicode_ci DEFAULT NULL,
  `lock` varchar(20) COLLATE utf8_unicode_ci DEFAULT NULL,
  `comment` varchar(255) COLLATE utf8_unicode_ci DEFAULT NULL,
  `pic` int(11) NOT NULL,
  `whq` int(11) DEFAULT NULL,
  `file1` varchar(100) COLLATE utf8_unicode_ci DEFAULT NULL,
  `file2` varchar(100) COLLATE utf8_unicode_ci DEFAULT NULL,
  `created_at` timestamp NULL DEFAULT NULL,
  `updated_at` timestamp NULL DEFAULT NULL,
  `deleted_at` timestamp NULL DEFAULT NULL,
  PRIMARY KEY (`id`)
) ENGINE=InnoDB AUTO_INCREMENT=202 DEFAULT CHARSET=utf8 COLLATE=utf8_unicode_ci;
/*!40101 SET character_set_client = @saved_cs_client */;
INSERT INTO `storage` VALUES (1,'22-3615','N','375 1P','1',0,1,0,'49HA024906','',24,9375,'','','','',0,11250,NULL,NULL,'2017-02-09 05:02:00','2017-02-09 05:02:00',NULL),(2,'23-3615','N','375 1P','1',0,1,0,'49HA022950','',15,12073,'','','R','',0,14488,NULL,NULL,'2017-02-09 05:03:11','2017-02-09 05:04:29',NULL),(3,'23-3615-U','N','375 1P','1',0,1,0,'49HA031634','',24,33840,'','','','',0,40608,NULL,NULL,'2017-02-09 05:04:04','2017-02-09 05:18:15',NULL),(4,'23-3617','N','HLC9.5 1P CONNECTOR','1',0,1,0,'49HA023822','WSZ4561',15,17096,'','','','ゲージ1個有(49YC000504)',0,20515,NULL,NULL,'2017-02-09 05:06:04','2017-04-24 05:26:18',NULL),(5,'23-3617-D','N','HLC9.5 1P CONNECTOR','1',0,1,0,'49HA029402','DIT6777',15,19669,'071A','床下','D','',0,23603,NULL,NULL,'2017-02-09 05:08:08','2017-02-09 05:18:35',NULL),(6,'7323-3617-U','N','TOYOTA 9.5 1P F','1',0,1,0,'49HA030808','HV7130',15,19598,'100B','床下','U','ゲージ１個有',0,23518,NULL,'file2_6.jpeg','2017-02-09 05:08:39','2017-04-24 05:30:54',NULL),(7,'23-6314-30','N','FORD 2PFK','1',0,1,0,'49HA007539','VX0097',15,11427,'5WSJ','PTC','','',0,13712,NULL,NULL,'2017-02-09 05:09:58','2017-02-09 05:21:03',NULL),(8,'23-6367(-40)','4','M06FW(-GY)-LC','1',0,1,0,'49HA014702','YG00057',21,27756,'L53E','BAT','','',0,33307,NULL,NULL,'2017-02-09 05:11:12','2017-02-09 05:21:12',NULL),(9,'25-5235-3W+25-5799-50-D','N','INLET OPEN L 5P F+リアホルダ検出治具','1',0,1,0,'49HA032987','YDU14015',24,42050,'570A','','','',9,50460,NULL,NULL,'2017-02-09 05:12:56','2017-02-09 05:18:06',NULL),(10,'25-5394','N','4.8 2P M','1',0,1,0,'49HA031663','HV7358',15,24121,'','','','',0,28945,NULL,NULL,'2017-02-09 05:23:25','2017-02-09 05:23:25',NULL),(11,'25-5395','N','4.8 2P F','1',0,1,0,'49HA031665','HV7360',15,19610,'','','','',0,23532,NULL,NULL,'2017-02-09 05:24:07','2017-02-09 05:24:07',NULL),(12,'25-5511-5W (X41125-M053)','N','BOX ASSY S/P','1',0,1,0,'49HA031455','T496',2,72355,'','','','齊藤製作所',7,86826,NULL,NULL,'2017-02-09 05:25:26','2017-03-29 02:01:06',NULL),(13,'25-6017-D+25-5456','1','C/F','1',0,1,0,'49HA032265','DCF13001',20,29203,'594A','','','',9,35044,NULL,'file2_13.jpeg','2017-02-09 05:26:35','2017-03-28 04:34:48',NULL),(14,'25-6565B','N','C/F 1.0Ⅲ','1',0,1,0,'49HA028527','',22,30250,'071A','SUBWIRE','','',0,36300,NULL,NULL,'2017-02-09 05:27:44','2017-02-09 05:27:54',NULL),(15,'25-6565-L','N','1.0Ⅲ2P F','1',0,1,0,'49HA034041','',24,13430,'CD391','','','',7,16116,NULL,NULL,'2017-02-09 05:28:50','2017-02-09 05:28:50',NULL),(16,'25-6566B','N','040Ⅲ','1',0,1,0,'49HA028430','',22,39029,'071A','SUBWIRE','','',0,46835,NULL,NULL,'2017-02-09 05:29:59','2017-04-24 05:58:57',NULL),(17,'25-6566-L','N','1.0Ⅲ2P F','1',0,1,0,'49HA034042','',24,13430,'CD391','','','',7,16116,NULL,NULL,'2017-02-09 05:46:37','2017-02-09 05:46:37',NULL),(18,'25-5780 (X4Y325-MAM5)','N','6.3 2P','1',0,1,0,'49HA033655','HV8194',15,26148,'629W','A/C','','(X4Y325-MAM5)',9,31378,NULL,NULL,'2017-02-09 05:48:40','2017-03-29 02:01:39',NULL),(19,'25-5395-R','N','','1',0,1,0,'49HA031806','',15,0,'','','','',0,0,NULL,NULL,'2017-02-09 05:50:17','2017-02-09 05:50:17',NULL),(20,'100B-UNDERPRT-1','N','プロテクタ組立治具','',1,0,0,'49CB006023','NAF-17-015',8,0,'100B','床下','','',9,0,NULL,NULL,'2017-02-13 04:18:29','2017-02-13 04:18:29',NULL),(21,'100B-UNDERPRT-2','N','プロテクタ組立治具','',1,0,0,'49CB006024','NAF-17-016',8,0,'100B','床下','','',9,0,NULL,NULL,'2017-02-13 04:19:38','2017-02-13 04:19:38',NULL),(22,'BANDO-UKE','N','結束バンド受け','',1,0,0,'49FA000683','YDU17014',24,1500,'S1','MOTOR','','NAF-17-017',11,1800,NULL,NULL,'2017-02-13 06:43:04','2017-03-16 01:13:33',NULL),(23,'COT-D22-AUTO','N','コルゲート取付指定治具','',1,0,0,'49DB000176','',9,59250,'577W','MOTOR','','',10,71100,NULL,NULL,'2017-02-14 06:37:58','2017-04-04 23:22:20',NULL),(24,'COT-D22-AUTO-UP/DN-R','N','コルゲート取付指定治具','',1,0,0,'49DB000177','',9,83967,'577W','MOTOR','','',10,100760,NULL,NULL,'2017-02-14 06:42:00','2017-04-04 23:22:30',NULL),(25,'COT-D19-AUTO-UP/DN-R','N','コルゲート取付指定治具','',1,0,0,'49DB000173','',9,83967,'577W','MOTOR','','',10,100760,NULL,NULL,'2017-02-14 06:43:09','2017-04-04 23:22:08',NULL),(26,'7009-9562D','1','LA端子受け治具','',1,0,0,'49BC002716','22-6027',22,3702,'629W','','カシメ下','検査、組立共用',15,4442,NULL,NULL,'2017-02-15 00:43:35','2017-02-15 00:43:35',NULL),(27,'7354-0005+C112 L','N','FB 4P L','',0,1,0,'49HA037195','KIK8874',15,32202,'677W','ソーラー','L','7147-8748',15,38642,NULL,NULL,'2017-02-15 00:46:18','2017-03-08 23:14:22',NULL),(28,'7289-5476-51 ATUNYUH GAGE','N','圧入治具ゲージ','',0,0,1,'49YC003691','NAF-17-014',1,11000,'09PL','床下','','',2,13200,NULL,NULL,'2017-02-15 23:37:38','2017-03-31 00:39:18',NULL),(29,'7325-6585-D','N','9.5 2P D','1',0,1,0,'49HA032218','HV7571',15,27742,'','','','ゲージのみ１個有(49YC002608)',0,33290,NULL,NULL,'2017-02-16 02:27:02','2017-04-24 05:54:52',NULL),(30,'7325-6585-D+7184-9700-50','N','9.5 W/P 2P+プロテクタ','1',0,1,0,'49HA032963','YDU14040',24,48690,'580A','床下','','',0,58428,NULL,NULL,'2017-02-16 02:28:59','2017-02-16 02:32:41',NULL),(31,'7325-6585-D+7384-8803-50','N','外観検査用検出治具','1',0,1,0,'49HA033654','YDU14245',24,36580,'577W/620W','床下','','',0,43896,NULL,NULL,'2017-02-16 02:30:38','2017-02-16 02:31:56',NULL),(32,'7325-6585-R-T','N','9.5 W/P 2P F 耐電圧試験','1',0,1,0,'49HG000007','YDU14067',24,34440,'','','R','',0,41328,NULL,NULL,'2017-02-16 02:34:01','2017-02-16 02:48:28',NULL),(33,'7225-6819-51-D','1','187 W/P 2P(4P) F','1',0,1,0,'49HA031482','YDU12189',24,16860,'L53H','','','',13,20232,NULL,NULL,'2017-02-16 02:35:16','2017-02-16 02:48:53',NULL),(34,'7225-6877-51-L','N','INV 2P F','1',0,1,0,'49HA033002','',2,0,'','','L','',7,0,NULL,NULL,'2017-02-16 02:36:56','2017-02-16 02:49:11',NULL),(35,'7225-8338-51-U','N','コネクタ','1',0,1,0,'49HA031395','',24,13460,'J6AE','','','',0,16152,NULL,NULL,'2017-02-16 02:38:02','2017-02-16 02:49:28',NULL),(36,'7325-8397.5875-T','3','耐電圧','1',0,1,0,'49HG000004','',18,47938,'','','','※単価は3台以上価格',0,57526,NULL,NULL,'2017-02-17 01:15:16','2017-02-17 01:15:16',NULL),(37,'25-8397.5875-U+7284-9058 (X412843015)','4','INV 2P-M+ｶﾊﾞｰ','1',0,1,0,'49HA031355','',18,51438,'','','U','X412843015　※単価は3台以上価格',9,0,NULL,NULL,'2017-02-17 01:17:34','2017-03-29 02:03:21',NULL),(38,'7325-8398-0W','12','INV A/C CONNECTOR','1',0,1,0,'49HA030108','YDU13101',24,37920,'','','','自動解放用バルブ込価格@48,680',0,45504,NULL,NULL,'2017-02-17 01:19:55','2017-02-17 01:19:55',NULL),(39,'7325-8398-INL','12','インライン C/F+プロテクタ受け一体','1',0,1,0,'49CK000002','YDU13010',24,63830,'','','','自動解放用バルブ込',0,76596,NULL,NULL,'2017-02-17 01:23:04','2017-02-17 01:23:04',NULL),(40,'7325-8415-R','N','INV  W/P 3P M (EV)','1',0,1,0,'49HA033177','YDU14091',24,55460,'751A','MTR','R','',10,66552,NULL,NULL,'2017-02-17 01:26:13','2017-02-17 01:26:13',NULL),(41,'7325-8415-R-A','1','エアリーク検出治具','1',0,1,0,'49HF000422','YDU13377',24,55590,'751A','','R','',0,66708,NULL,NULL,'2017-02-17 01:27:28','2017-02-17 01:27:28',NULL),(42,'7325-8578-0W R','2','TOYOTA 8..0 2P F HLC','1',0,1,0,'49HA029658','EV6833',15,28802,'071A','A/C','R','',0,34562,NULL,NULL,'2017-02-17 01:28:53','2017-02-17 01:28:53',NULL),(43,'7325-8578-0W-U','N','TOYOTA 8..0 2P F HLC','1',0,1,0,'49HA031072','HV7181',15,28064,'523W.432A.402A','A/C','U','',0,33677,NULL,NULL,'2017-02-17 01:30:05','2017-02-17 01:30:05',NULL),(44,'7325-8627+T','N','25-8627+サーミスタ','1',0,1,0,'49HA031170','YDU11032',24,107300,'RDCA','','','',0,128760,NULL,NULL,'2017-02-17 01:31:14','2017-05-09 00:51:02',NULL),(45,'7325-8628 (25-5360,5396,5560,5961,5962,5236,5238,8626,5268)','N','C/F','1',0,1,0,'49HA031166','',24,0,'','','','25-5360,5396,5560,5961,5962,5236,5238,8626,5268共用',0,0,NULL,NULL,'2017-02-17 01:32:54','2017-05-09 00:51:56',NULL),(46,'25-8631-51','2','594A 9.5 3P F','1',0,1,0,'49HA031618','',18,43150,'594A','床下','','',9,51780,NULL,NULL,'2017-02-17 01:33:59','2017-05-09 00:53:16',NULL),(47,'25-8646-3W(8728-5W)+25-8685-30','2','導通確認+ｸﾞﾛﾒｯﾄ位置確認治具','1',0,1,0,'49KB001680','',24,26420,'X12G','普通充電','U','',13,31704,NULL,NULL,'2017-02-17 01:35:22','2017-05-09 00:56:01',NULL),(48,'7225-8646-3W.8728-5W-TA','N','INLET 5P 耐電圧検出治具','1',0,1,0,'49HA031600','',24,54150,'X12G','普通充電','U','',0,64980,NULL,NULL,'2017-02-17 01:36:26','2017-05-09 00:56:14',NULL),(49,'7225-8646-3W+TD','N','C/F サーミスタ','1',0,1,0,'49HA031167','',2,31745,'','','','',0,38094,NULL,NULL,'2017-02-17 01:37:23','2017-05-09 00:56:29',NULL),(50,'7325-8647-3W+7325-8685-30','N','導通確認+グロメット位置確認','2',0,1,0,'49HA031593','YDU12157',24,61370,'','','','',13,73644,NULL,NULL,'2017-02-17 01:38:26','2017-02-17 01:38:26',NULL),(51,'7225-8647-3W+TD','N','C/F','2',0,1,0,'49HA031168','',2,31745,'','','','',0,38094,NULL,NULL,'2017-02-17 01:39:24','2017-02-17 01:39:24',NULL),(52,'25-8955-51-U (X41172-M134-U)','1','','2',0,1,0,'49HA030636','HV7100',15,18993,'','','','',13,22792,NULL,NULL,'2017-02-17 01:41:28','2017-03-29 02:05:48',NULL),(53,'25-8956-51-D (X41172-M137-D)','N','','2',0,1,0,'49HA030650','HV7103',15,18993,'','','','',13,22792,NULL,NULL,'2017-02-17 01:42:32','2017-03-29 02:06:12',NULL),(54,'25-8956-51-U (X41172-M137-U)','1','','2',0,1,0,'49HA030649','HV7102',15,18993,'','','','',13,22792,NULL,NULL,'2017-02-17 01:43:28','2017-03-29 02:06:26',NULL),(55,'7387-1237L-BL','N','9.5 1P F HLC','2',0,1,0,'49HA027960','WSZ6445',15,24942,'','','L','在庫１台ゲージなし',0,29930,NULL,NULL,'2017-02-20 02:04:21','2017-05-09 01:23:21',NULL),(56,'7387-1237R-BL','N','9.5 1P F HLC','2',0,1,0,'49HA026136','CD05955',15,19700,'','','R','',0,23640,NULL,NULL,'2017-02-20 02:06:25','2017-02-20 02:06:25',NULL),(57,'7387-1237-U-BL','N','9.5 1P F HLC','2',0,1,0,'49HA029859','',15,23737,'','','','',0,28484,NULL,NULL,'2017-02-20 02:07:11','2017-02-20 02:07:11',NULL),(58,'7387-1769-BL','N','9.5 HLC 1P ','2',0,1,0,'49HA026423','CD05994',15,24565,'','','R','丹心工業から購入時@38,389　在庫２個ゲージなし　ゲージ品番49YC001340△1',0,29478,NULL,NULL,'2017-02-20 02:08:48','2017-05-09 01:27:14',NULL),(59,'7387-1769-U-BL','N','9.5 HLC 1P ','2',0,1,0,'49HA029860','DIT6870',15,24473,'','','U','',0,0,NULL,NULL,'2017-02-20 02:09:43','2017-02-20 02:09:43',NULL),(60,'87-2813B.4097B','N','1.58Ｆ(ﾘﾃｰﾅ検知ﾀｲﾌﾟ)','2',0,1,0,'49HA027690','',22,49472,'395A','電池パック','R','',0,59366,NULL,NULL,'2017-02-20 02:13:01','2017-04-27 06:50:31',NULL),(61,'7387-2998-BL','N','','2',0,1,0,'49HA027259','CD06254',15,24733,'','','R','',0,29680,NULL,NULL,'2017-02-20 02:13:50','2017-02-20 02:13:50',NULL),(62,'7387-2998-L','N','HLC 9.5 1P','2',0,1,0,'49HA029401','DIT6776',15,25131,'071A','床下','L','',0,30157,NULL,NULL,'2017-02-20 02:14:59','2017-02-20 02:14:59',NULL),(63,'7387-2998-U-BL','N','9.5 HLC1P F','2',0,1,0,'49HA029916','WSZ6894',15,25558,'','','U','',0,30670,NULL,NULL,'2017-02-20 02:16:02','2017-02-20 02:16:02',NULL),(64,'7387-2998-U-BL-R','N','432A 9.5HLC 1P (F)','2',0,1,0,'49HA031310','HV7304',15,29884,'432A','床下','R','',0,35861,NULL,NULL,'2017-02-20 02:17:07','2017-02-20 02:17:07',NULL),(65,'87-3302','N','1.5 4P F','2',0,1,0,'49HA028128','',15,12982,'620W','床下','','',0,15578,NULL,NULL,'2017-02-20 02:18:18','2017-02-20 02:18:18',NULL),(66,'7187-3435','2','GT8E-3S-HU  （ｼｬﾌﾄｽﾄｯﾌﾟ式）','2',0,1,0,'49HA032961','',24,11490,'','','','',1,13788,NULL,NULL,'2017-02-20 02:19:06','2017-02-20 02:19:06',NULL),(67,'7387-5357-51-U','N','HLC 9.5 1P','2',0,1,0,'49HA030347','HV6982',15,20193,'','','U','',0,24232,NULL,NULL,'2017-02-20 02:20:03','2017-02-20 02:20:03',NULL),(68,'7387-5357-BL','N','HLC 9.5 1P','2',0,1,0,'49HA028873','EV6640',15,21231,'523W','電池パック','','',0,25477,NULL,NULL,'2017-02-20 02:21:16','2017-02-20 02:21:16',NULL),(69,'7387-5357-BL-R','N','HLC C/F　ﾛｯｸ右','2',0,1,0,'49HA031046','HV7214',15,26556,'400A','床下','R','',8,31867,NULL,NULL,'2017-02-20 02:22:54','2017-02-20 02:23:23',NULL),(70,'7387-5358-51-U-BL-R','N','432A 9.5HLC 1P (F)','2',0,1,0,'49HA031309','HV7303',15,29884,'432A','床下','R','',0,35861,NULL,NULL,'2017-02-20 02:24:21','2017-02-20 02:24:21',NULL),(71,'7387-5358-BL','N','HLC 9.5 1P','2',0,1,0,'49HA028874','EV6641',15,21231,'','','R','',0,25477,NULL,NULL,'2017-02-20 02:25:38','2017-02-20 02:25:38',NULL),(72,'7387-5358-L','N','HLC 9.5 1P','2',0,1,0,'49HA029400','DIT6775',15,25131,'071A','床下','L','',0,30157,NULL,NULL,'2017-02-20 02:26:45','2017-02-20 02:26:45',NULL),(73,'7387-5358-U BL','N','HLC 9.5 1P','2',0,1,0,'49HA029917','DIT6900',15,25637,'','','U','',0,30764,NULL,NULL,'2017-02-20 02:27:40','2017-02-20 02:27:40',NULL),(74,'7387-7116B','N','0.64Ⅱ 8P F (ﾘﾃｰﾅ検知ﾀｲﾌﾟ）','2',0,1,0,'49HA029421','',22,29518,'','','','',0,35422,NULL,NULL,'2017-02-20 02:28:33','2017-02-20 02:28:33',NULL),(75,'7387-7163-30','1','9.5 1P HLC','2',0,1,0,'49HA029618','CD06751',15,23866,'071A','床下','R','',0,28639,NULL,NULL,'2017-02-20 02:29:30','2017-02-20 02:29:30',NULL),(76,'7387-7163-D','N','9.5 1P HLC F','2',0,1,0,'49HA030162','',24,20180,'071A','','D','C/F@17,720　ゲージ@2,460',0,24216,NULL,NULL,'2017-02-20 02:31:07','2017-02-20 02:31:07',NULL),(77,'7387-7419-30','N','JST 025.24P-F','2',0,1,0,'49HA030185','',24,26469,'','','','専用脚付き',0,31763,NULL,NULL,'2017-02-20 02:32:02','2017-02-20 02:32:02',NULL),(78,'7387-7420-30','N','TOYOTA JST 20PF','2',0,1,0,'49HA030186','',24,23345,'','','','専用脚付き\r\n',0,28014,NULL,NULL,'2017-02-20 02:32:58','2017-02-20 02:32:58',NULL),(79,'7287-7566-30-SW','N','TH(025) 24P F 検出治具','2',0,1,0,'49HA031283','YDU12155',24,22709,'X12G','','','',10,27251,NULL,NULL,'2017-02-20 02:34:44','2017-02-20 02:34:44',NULL),(80,'7387-8129 U','N','9.5 HLC','2',0,1,0,'49HA030342','DIT6961',15,17613,'','','L','',0,21136,NULL,NULL,'2017-02-20 02:35:37','2017-02-20 02:35:37',NULL),(81,'7387-8845','1','060 2P','2',0,1,0,'49HA030871','CD07199',15,18033,'5WMA','','','在庫１個ゲージなし',0,21640,NULL,NULL,'2017-02-20 02:36:28','2017-05-09 02:16:00',NULL),(82,'89-3097B (87-7004B)','1','0.64Ⅲ16P F (ﾘﾃｰﾅ検知ﾀｲﾌﾟ)','2',0,1,0,'49HA029355','',22,34003,'','','','',0,40804,NULL,NULL,'2017-02-20 02:37:16','2017-02-20 02:37:16',NULL),(83,'X41684-3D81','N','プロテクタ組立治具','',1,0,0,'49CB006028','NAF-17-021',24,0,'100B','床下','','',9,0,NULL,NULL,'2017-02-22 02:28:08','2017-02-22 02:28:08',NULL),(84,'7325-6878-51(HLC)','','C/F','',0,1,0,'','',0,0,'','','','',0,0,NULL,NULL,'2017-02-23 07:04:10','2017-02-23 07:04:34','2017-02-23 07:04:34'),(85,'21-9687(23-1424)','','レジスタ嵌合','1',0,1,0,'','',18,0,'','','','2009/10/14試作⇒量産実績なし',0,0,NULL,'file2_85.jpeg','2017-02-23 07:21:02','2017-02-23 07:40:44',NULL),(86,'7276-1030.82Z6P-310B1','N','プロテクタ組立治具','',0,0,0,'49CB006032','NAF-17-018',24,0,'15PL','A/C','','',10,0,NULL,NULL,'2017-02-24 00:59:05','2017-02-24 00:59:05',NULL),(87,'82Z6P-310B2-U','N','プロテクタ組立治具','',1,0,0,'49CB006033','NAF-17-019',24,0,'15PL','A/C','','',10,0,NULL,NULL,'2017-02-24 01:01:30','2017-02-24 01:01:30',NULL),(88,'82Z6P-310B2-R','N','プロテクタ組立治具','',1,0,0,'49CB006034','NAF-17-020',24,0,'15PL','A/C','','',10,0,NULL,NULL,'2017-02-24 01:02:26','2017-02-24 01:02:26',NULL),(89,'7325-5335-51-A','','エアリーク','1',0,1,0,'','',0,0,'X12K(RDC)','','','',0,0,NULL,'file2_89.jpeg','2017-02-27 04:17:25','2017-04-24 06:37:00',NULL),(90,'25-6789-51+7158-4979','2','2P(M)+ｼｰﾙﾄﾞ回路導通治具','1',0,1,0,'','F654',21,36000,'','','','作製業者：横浜テクニカ',0,43200,NULL,'file2_90.jpeg','2017-02-27 04:20:57','2017-02-27 04:25:30',NULL),(91,'7125-8414','N','C/F','1',0,1,0,'','',30,52790,'430W,751A','モーター','','作製業者：植田部品',0,63348,NULL,'file2_91.jpeg','2017-02-27 04:24:58','2017-02-27 04:24:58',NULL),(92,'25-8415','N','C/F','1',0,1,0,'','',30,44400,'430W,751A','モーター','','作製業者：植田部品',0,53280,NULL,'file2_92.jpeg','2017-02-27 04:27:01','2017-02-27 04:27:01',NULL),(93,'BBM-LOCK-NO-KAKU-SW','N','BBM外観プレートロック無し確認治具','',1,0,0,'49AD000086','NAF-17-022',1,0,'629W','BBM','','',5,0,NULL,NULL,'2017-03-02 07:35:07','2017-03-02 07:35:07',NULL),(94,'7284-5111.5131+5129','N','プロテクタ組立治具','',1,0,0,'49CB006045','NAF-17-024',16,0,'478W,888A','床下','','',6,0,NULL,NULL,'2017-03-03 04:16:31','2017-03-03 04:16:31',NULL),(95,'7289-5594-U+R/H','N','9.5 1P F','',0,1,0,'49HA037391','DPE-3J-2303',1,0,'456B','','U','',14,0,NULL,NULL,'2017-03-07 01:54:20','2017-03-07 01:54:20',NULL),(96,'7225 8969-S-L','N','コネクタ組立治具','',1,0,0,'49BB033246','NAF-17-026',16,0,'577W','MTR','L','',10,0,NULL,NULL,'2017-03-08 00:11:15','2017-03-08 00:11:15',NULL),(97,'36CELL-BBP-GAI-1','N','BBP外観受け治具','',1,0,0,'49AD000087','NAF-17-027',8,12000,'6C2A','BBP','','',13,14400,NULL,NULL,'2017-03-08 23:52:37','2017-04-03 06:57:39',NULL),(98,'36CELL-BBP-GAI-2','N','BBP外観受け治具','',1,0,0,'49AD000088','NAF-17-028',8,12000,'6C2A','BBP','','',13,14400,NULL,NULL,'2017-03-08 23:53:37','2017-04-03 06:57:47',NULL),(99,'7225 5780-SK-L','N','コネクタ組立治具','',1,0,0,'49BB033253','YDU17022',24,3920,'15PL','A/C','L','NAF-17-029',10,4704,NULL,NULL,'2017-03-09 23:13:44','2017-04-21 01:23:32',NULL),(100,'SUB7187-2316-HOS-H-CL-J','N','引張・光誘導・上限管理機能付サブ作製治具','',0,1,0,'49HE000202','DPE-3J-2297',1,120000,'667W','低圧サブ','','',5,144000,NULL,NULL,'2017-03-10 05:36:33','2017-03-24 04:38:54',NULL),(101,'SUB7187-3423-HOS-H-CL-J','N','引張・光誘導・上限管理機能付サブ作製治具','',0,1,0,'49HE000203','DPE-3J-2297',1,120000,'667W','低圧サブ','','',5,144000,NULL,NULL,'2017-03-10 05:49:46','2017-03-24 04:39:24',NULL),(102,'SUB7187-2393-HOS-H-CL-J','N','引張・光誘導・上限管理機能付サブ作製治具','',0,1,0,'49HE000204','DPE-3J-2297',1,120000,'667W','低圧サブ','','',5,144000,NULL,NULL,'2017-03-10 05:50:07','2017-03-24 04:39:17',NULL),(103,'SUB7187-2315-30-HOS-H-CL-J','N','引張・光誘導・上限管理機能付サブ作製治具','',0,1,0,'49HE000205','DPE-3J-2298',1,120000,'667W','低圧サブ','','',5,144000,NULL,NULL,'2017-03-10 05:56:02','2017-03-24 04:38:31',NULL),(104,'SUB7187-2317-30-HOS-H-CL-J','N','引張・光誘導・上限管理機能付サブ作製治具','',0,1,0,'49HE000206','DPE-3J-2298',1,120000,'667W','低圧サブ','','',5,144000,NULL,NULL,'2017-03-10 05:57:39','2017-03-24 04:39:09',NULL),(105,'SUB7187-3424-30-HOS-H-CL-J','N','引張・光誘導・上限管理機能付サブ作製治具','',0,1,0,'49HE000207','DPE-3J-2298',1,120000,'667W','低圧サブ','','',5,144000,NULL,NULL,'2017-03-10 05:59:08','2017-03-24 04:39:32',NULL),(106,'SUB7187-3828-HOS-H-CL-J','N','引張・光誘導・上限管理機能付サブ作製治具','',0,1,0,'49HE000208','DPE-3J-2299',1,120000,'667W','低圧サブ','','',5,144000,NULL,NULL,'2017-03-10 06:00:33','2017-03-24 04:39:41',NULL),(107,'SUB7187-3830-HOS-H-CL-J','N','引張・光誘導・上限管理機能付サブ作製治具','',0,1,0,'49HE000209','DPE-3J-2299',1,120000,'667W','低圧サブ','','',5,144000,NULL,NULL,'2017-03-10 06:13:38','2017-03-24 04:39:49',NULL),(108,'EVO9SP-SW','N','バンド結束機使用確認治具','',0,1,0,'49MA001372','NAF-17-031',24,0,'ALL','ALL','','',4,0,NULL,NULL,'2017-03-10 06:14:57','2017-03-10 06:14:57',NULL),(109,'A/C LINE JIG','N','ライン引き治具','',1,0,0,'49FA000696','NAF-17-024',24,0,'700W . 220B','A/C','','',6,0,NULL,NULL,'2017-03-13 04:30:29','2017-03-13 04:30:29',NULL),(110,'7387-0138-LPC','N','レバー位置確認治具','',0,1,0,'49HA037403','DPE-3J-2304',24,0,'ジャトコ','','U','',3,0,NULL,NULL,'2017-03-14 01:59:01','2017-03-14 01:59:01',NULL),(111,'7125-5214-PUSH JIG','N','防水栓押し込み治具','',0,0,1,'49YB001463','NAF-17-030',1,9600,'X12G','Q/C','','',11,11520,NULL,NULL,'2017-03-14 02:45:44','2017-04-14 07:56:00',NULL),(112,'7289 4035 51-SK-U','N','コネクタ組立治具','',1,0,0,'49BB033275','YDU17024',24,2940,'220B','床下','','NAF-17-036',14,3528,NULL,NULL,'2017-03-15 04:14:41','2017-04-21 01:25:06',NULL),(113,'7125-8840-620W','N','旗端子組立導通治具','',1,0,0,'49BK000139','NAF-17-034',24,0,'620W','床下','','',10,0,NULL,NULL,'2017-03-16 02:29:54','2017-03-16 02:29:54',NULL),(114,'7125-8841-620W','N','旗端子組立導通治具','',1,0,0,'49BK000140','NAF-17-035',24,0,'620W','床下','','',10,0,NULL,NULL,'2017-03-16 02:30:18','2017-03-16 02:30:18',NULL),(115,'7125 8398-2-SK','N','コネクタ組立治具','',1,0,0,'49BB033285','NAF-17-037',24,0,'550W','A/C','','',10,0,NULL,NULL,'2017-03-16 02:31:02','2017-03-16 02:32:11',NULL),(116,'697W-539W-GAI1','N','外観誘導用アクリル保護板','',1,0,0,'49AD000089','',24,0,'697W/539W','床下','','',5,0,NULL,NULL,'2017-03-20 23:54:01','2017-03-20 23:54:01',NULL),(117,'697W-539W-GAI2','N','外観誘導用アクリル保護板','',1,0,0,'49AD000090','',24,0,'697W/539W','床下','','',5,0,NULL,NULL,'2017-03-20 23:54:20','2017-03-20 23:54:20',NULL),(118,'697W-539W-GAI3','N','外観誘導用アクリル保護板','',1,0,0,'49AD000091','',24,0,'697W/539W','床下','','',5,0,NULL,NULL,'2017-03-20 23:54:37','2017-03-20 23:54:37',NULL),(119,'641-OSIKOMIJIG','N','ゴム栓押し込み治具','',0,0,1,'49YB001468','YDU17030',24,10200,'641L','MOTOR','','NAF-17-039',11,12240,NULL,NULL,'2017-03-21 00:58:54','2017-04-12 23:09:16',NULL),(120,'JIG ASI H20MM','N','C/F用治具脚','',0,1,0,'49MA001442','YDU17034',24,1450,'790A','A/C','','NAF-17-040',6,1740,NULL,NULL,'2017-03-23 02:23:25','2017-04-05 02:16:07',NULL),(121,'7289 5594 51-SK-U+R/H','N','コネクタ組立治具','',1,0,0,'49BB033327','YDU17025',24,2960,'456B','S/P','U','NAF-17-043',14,3552,NULL,NULL,'2017-03-23 02:24:18','2017-04-21 01:25:45',NULL),(122,'15MM-SLIDE-BASE','N','スライド治具脚','',1,0,0,'49EB001098','NAF-17-042',9,0,'790A','A/C','','',6,0,NULL,NULL,'2017-03-27 01:25:21','2017-03-27 01:25:21',NULL),(123,'5MM-SLIDE-BASE','N','スライド治具脚','',1,0,0,'49EB001099','NAF-17-041',9,0,'790A','A/C','','',6,0,NULL,NULL,'2017-03-27 01:25:45','2017-03-27 01:25:45',NULL),(124,'X41784-3032','N','プロテクタ組立治具','',1,0,0,'49CB006073','NAF-17-048',24,0,'310B','床下','','',6,0,NULL,NULL,'2017-03-27 01:26:38','2017-03-27 01:26:38',NULL),(125,'X31784-3043','N','プロテクタ組立治具','',1,0,0,'49CB006074','NAF-17-049',24,0,'310B','床下','','',6,0,NULL,NULL,'2017-03-27 01:27:02','2017-03-27 01:27:02',NULL),(126,'310B-RR-MTR','N','コネクタ＋シェル＋カバー検出治具','',0,1,0,'49HA037436','DPE-3J-2305',24,0,'310B','床下','U','',6,0,NULL,NULL,'2017-03-27 01:30:09','2017-03-27 01:30:09',NULL),(127,'310B-RR-MTR+SP','N','コネクタ＋シェル＋カバー検出治具','',0,1,0,'49HA037437','DPE-3J-2306',24,0,'310B','床下','U','',6,0,NULL,NULL,'2017-03-27 01:30:34','2017-03-28 23:08:56','2017-03-28 23:08:56'),(128,'COT-RB-CUT-D19','N','コルゲート受け　１９ＳＱ　Ｗ１５　中割れ','',1,0,0,'49DB000179','YDU17032',24,3000,'577W','MTR','','NAF-17-052',10,3600,NULL,NULL,'2017-03-27 01:32:31','2017-04-21 01:24:04',NULL),(129,'COT-RB-CUT-D22','N','コルゲート受け　２２ＳＱ　Ｗ１５　中割れ','',1,0,0,'49DB000180','YDU17032',24,3000,'577W','MTR','','NAF-17-053',10,3600,NULL,NULL,'2017-03-27 01:33:02','2017-04-21 01:24:23',NULL),(130,'72-5380+42-6533','N','プロテクタ+グロメット確認治具','',0,1,0,'49KC000620','DPE-3J-2307',1,0,'625W','JC','','',15,0,NULL,NULL,'2017-03-28 04:08:06','2017-03-28 04:08:06',NULL),(131,'X31784-3030+3031','N','プロテクタ組立治具','',1,0,0,'49CB006079','NAF-17-047',24,0,'310B','床下','','',6,0,NULL,NULL,'2017-03-28 23:16:06','2017-03-28 23:16:06',NULL),(132,'X31784-3073+3074','N','プロテクタ組立治具','',1,0,0,'49CB006080','NAF-17-054',24,0,'310B','床下','','',6,0,NULL,NULL,'2017-03-28 23:16:44','2017-03-28 23:16:44',NULL),(133,'7386-8847','1','060 8P','3',0,1,0,'49HA031823','CD07415',15,32902,'5WMA','','','',0,39482,NULL,NULL,'2017-03-29 01:39:45','2017-03-29 01:39:45',NULL),(134,'7388-4034','N','9.5 1P','3',0,1,0,'49HA034526','HV8328',15,24517,'680A','','','',0,29420,NULL,NULL,'2017-03-29 01:40:45','2017-03-29 01:40:45',NULL),(135,'7388-4034+C248','N','9.5 1P+7147-5890','3',0,1,0,'49HA034527','HV8239',15,25565,'680A','','','',0,30678,NULL,NULL,'2017-03-29 01:43:36','2017-03-29 01:43:36',NULL),(136,'7388-4825','N','9.5 1P','3',0,1,0,'49HA034528','HV8330',15,24517,'680A','','','',0,29420,NULL,NULL,'2017-03-29 01:44:50','2017-03-29 01:44:50',NULL),(137,'7289-4035-51-R+R/H','3','9.5 1P F + ﾘｱﾎﾙﾀﾞ検出治具','3',0,1,0,'49HA034249','DCF15001',20,51514,'629W','','','',14,61817,NULL,NULL,'2017-03-29 01:46:25','2017-03-29 01:47:45',NULL),(138,'7289-4035-51-U+R/H','1','9.5 1P F + ﾘｱﾎﾙﾀﾞ検出治具','3',0,1,0,'49HA034252','',1,36650,'629W','','','',14,43980,NULL,NULL,'2017-03-29 01:47:22','2017-03-29 01:47:22',NULL),(139,'7289-4036-51-L+R/H','1','9.5 1P F + ﾘｱﾎﾙﾀﾞ検出治具','3',0,1,0,'49HA035779','DCF16001',20,50674,'664W','床下','','',9,60809,NULL,NULL,'2017-03-29 01:51:55','2017-03-29 01:51:55',NULL),(140,'7289-4037-51-L+R/H','2','9.5 1P F + ﾘｱﾎﾙﾀﾞ検出治具','3',0,1,0,'49HA035778','DCF16002',20,50830,'664W','床下','','',9,60996,NULL,NULL,'2017-03-29 01:53:27','2017-03-29 01:53:27',NULL),(141,'7289-4037-51-R+R/H','3','9.5 1P F + ﾘｱﾎﾙﾀﾞ検出治具','3',0,1,0,'49HA034251','DCF15003',20,50554,'629W','','','',14,60665,NULL,NULL,'2017-03-29 01:54:37','2017-03-29 01:54:37',NULL),(142,'7289-4826-L','N','9.5 1P F (L-TYPE) 検出治具','3',0,1,0,'49HA034732','T630',2,23040,'680A','','','',14,27648,NULL,NULL,'2017-03-29 01:55:32','2017-03-29 01:55:32',NULL),(143,'7289-4827-L','N','9.5 1P F (L-TYPE) 検出治具','3',0,1,0,'49HA034733','T631',2,23040,'680A','','','',14,27648,NULL,NULL,'2017-03-29 01:56:21','2017-03-29 01:56:21',NULL),(144,'7289-6506-51-U (X1DT-5371-51)','1','0.5 SEALD CONN 20P','3',0,1,0,'49HA034429','YDU15129',24,33690,'680A','','','',13,40428,NULL,NULL,'2017-03-29 02:07:56','2017-03-29 02:07:56',NULL),(145,'7289-6507-51-U (X1DT-5372-51)','1','0.5 SEALD CONN 20P','3',0,1,0,'49HA034428','YDU15130',24,33690,'680A','','','',13,40428,NULL,NULL,'2017-03-29 02:08:57','2017-03-29 02:08:57',NULL),(146,'7289-6508-51-U (X1DT-5373-51)','1','0.5 SEALD CONN 20P','3',0,1,0,'49HA034427','YDU15131',24,33690,'680A','','','',13,40428,NULL,NULL,'2017-03-29 02:09:54','2017-03-29 02:09:54',NULL),(147,'7289-6509-51-U (X1DT-5374-51)','1','0.5 SEALD CONN 20P','3',0,1,0,'49HA034430','YDU15132',24,33690,'680A','','','',13,40428,NULL,NULL,'2017-03-29 02:10:46','2017-03-29 02:10:46',NULL),(148,'7289-6510-51-U (X1DT-5375-51)','1','0.5 SEALD CONN 20P','3',0,1,0,'49HA034431','YDU15133',24,33690,'680A','','','',13,40428,NULL,NULL,'2017-03-29 02:11:39','2017-03-29 02:11:39',NULL),(149,'X41542ME88-PRE','','BBM検出治具 サーミスタ検知SW無','1',0,1,0,'49HA035481','',1,432000,'14PL','BBM','','',13,518400,NULL,NULL,'2017-03-29 02:12:39','2017-03-29 02:12:39',NULL),(150,'J02C-GEN-A','N','J02C GEN エアリーク検査治具','',0,1,1,'49HF000793','',9,140000,'J02C','GEN','','',3,168000,NULL,'file2_150.jpeg','2017-03-29 02:50:13','2017-03-29 02:51:56',NULL),(151,'J02C-INV-A+T','N','J02C INV 耐電エアリーク検査治具','',0,1,1,'49HG000024','',9,99000,'J02C','INV','','',3,118800,NULL,'file2_151.jpeg','2017-03-29 02:51:36','2017-03-29 02:51:36',NULL),(152,'7387-7163-U','N','9.5 WP 1P F','',0,1,0,'49HA035652','DIT8462',15,23911,'100B','床下','U','',0,28693,NULL,'file2_152.jpeg','2017-03-30 01:22:47','2017-04-20 01:28:01',NULL),(153,'7003 7222,7225 02-SK-U-SW','N','ＬＡ組立導通治具','',1,0,0,'49BK000141','NAF-17-058',24,0,'14PL','床下','カシメ上','',10,0,NULL,NULL,'2017-03-30 23:12:59','2017-04-05 02:30:45',NULL),(154,'7003 1169 02-SK-U-SW','N','ＬＡ組立導通治具','',1,0,0,'49BK000142','NAF-17-057',24,0,'14PL','床下','カシメ上','',10,0,NULL,NULL,'2017-03-30 23:13:26','2017-04-04 02:44:40',NULL),(155,'7325-8578','N','アライメントゲージ','',0,0,1,'49YC002636','GZAG8578',15,10557,'','','','',0,12668,NULL,NULL,'2017-03-31 00:08:36','2017-03-31 00:08:36',NULL),(156,'7382-4853','N','アライメントゲージ','',0,0,1,'49YC001020','GZAG4853',15,9595,'','','','',0,11514,NULL,NULL,'2017-03-31 00:15:27','2017-03-31 00:15:27',NULL),(157,'TERMINAL TOOL FOR AMP J.P.T ','N','AMP J.P.T 端子抜き治具','',0,0,1,'49YA000210','',1,1800,'','','','',0,2160,NULL,NULL,'2017-03-31 00:34:05','2017-03-31 00:34:05',NULL),(158,'SLK 2.8','N','SLK2.8 抜き治具','',0,0,1,'49YA000464','',1,6300,'','','','',0,7560,NULL,NULL,'2017-03-31 00:48:15','2017-04-11 05:38:43','2017-04-11 05:38:43'),(159,'7125-8969-SW-PEN','N','コネクタ組立導通治具','',1,0,0,'49BJ000088','NAF-17-059',24,0,'650W','床下','','',10,0,NULL,NULL,'2017-03-31 07:01:17','2017-04-04 02:46:24','2017-04-04 02:46:24'),(160,'7125-8414-SUB','N','サブ作製治具','',1,0,0,'49AC000677','NAF-17-060',24,0,'625W','MTR','','',2,0,NULL,NULL,'2017-04-04 04:09:44','2017-04-04 04:09:44',NULL),(161,'7125-5685-SUB','N','サブ作製治具','',1,0,0,'49AC000678','NAF-17-061',24,0,'625W','MTR','','',2,0,NULL,NULL,'2017-04-04 04:10:03','2017-04-04 04:10:03',NULL),(162,'7125-5687-SUB','N','サブ作製治具','',1,0,0,'49AC000679','NAF-17-062',24,0,'625W','MTR','','',2,0,NULL,NULL,'2017-04-04 04:13:07','2017-04-04 04:13:07',NULL),(163,'7383-0026-D-2','N','4.8　2P　HLC','',0,1,0,'49HA032196','HV7564',15,24364,'570A','','','',0,29237,NULL,'file2_163.jpeg','2017-04-04 23:53:21','2017-04-04 23:54:26',NULL),(164,'7323-7439','1','J/C SDL 33P','',0,1,0,'49HA019218','',24,26720,'','','','',0,32064,NULL,'file2_164.jpeg','2017-04-04 23:58:37','2017-04-05 00:08:15',NULL),(165,'7383-0026-R','7','4.8　2P　HLC','',0,1,0,'49HA030003','',24,20990,'433W','A/C','R','自動解放用バルブ込@32,250',0,25188,NULL,'file2_165.jpeg','2017-04-05 00:07:50','2017-04-06 04:48:32',NULL),(166,'7047-2673-GAI-SW','N','外観用クランプ受け（テープ巻き有無検知センサー付き）','',1,0,0,'49AD000092','NAF-17-025',24,0,'726W','床下','','',5,0,NULL,NULL,'2017-04-05 23:11:07','2017-04-05 23:11:07',NULL),(167,'7327 6756,6758 3W-SW','N','Ｆ/Ｌ組立導通治具','',1,0,0,'49BK000143','NAF-17-063',24,0,'14PL','床下','','',10,0,NULL,NULL,'2017-04-07 07:14:32','2017-04-17 05:52:42',NULL),(168,'NCI-90N YOKOKATOU','N','クランプ中継板ＡＳＳＹ横可倒式','',1,0,0,'49EB001101','NAF-17-064',10,0,'5WM/5WP','DCケーブル','','',5,0,NULL,NULL,'2017-04-10 01:53:38','2017-04-10 01:53:38',NULL),(169,'COT-RB-D19-20','N','コルゲート受け　（Ｄ19）Ｗ20','',1,0,0,'49DB000183','NAF-17-066',24,0,'ALL','ALL','','',10,0,NULL,NULL,'2017-04-10 05:46:22','2017-04-10 05:47:51',NULL),(170,'7176-1842-5W+47-3449-30-GAI-SW','N','外観用プロテクタ受け','',1,0,0,'49AD000093','NAF-17-065',9,0,'706W','床下','','',5,0,NULL,NULL,'2017-04-10 07:25:50','2017-04-10 07:25:50',NULL),(171,'TCN-R','N','CN(250)メス二重係止コネクタ','1',0,0,1,'49YA000050','',21,236,'','','','7223-5222　etc　ISO　RLY等',0,283,NULL,'file2_171.jpeg','2017-04-11 02:45:03','2017-04-11 02:45:03',NULL),(172,'BOSCH-1.1A','N','端子抜き治具','1',0,0,1,'49YA000239','',1,5800,'','','','',0,6960,NULL,'file2_172.jpeg','2017-04-11 02:54:53','2017-04-11 02:54:53',NULL),(173,'MQS1.5','N','抜き治具','1',0,0,1,'49YA000315','',1,3200,'','','','',0,3840,NULL,'file2_173.jpeg','2017-04-11 03:01:10','2017-04-11 03:01:10',NULL),(174,'VS PUSH JIG 10X10','1','VS端子押し治具','1',0,0,1,'49YB000753','',1,4500,'629W 他','','','□10mm汎用押し治具△1',6,5400,NULL,'file2_174.jpeg','2017-04-11 04:08:26','2017-04-11 05:26:12',NULL),(175,'SLK2.8','N','端子抜き治具','1',0,0,1,'49YA000464','',1,6300,'','','','',0,7560,NULL,'file2_175.jpeg','2017-04-11 05:37:43','2017-04-11 05:37:43',NULL),(176,'SLK2.8 ELA','N','端子抜き治具','1',0,0,1,'49YA000463','',1,4400,'','','','',0,5280,NULL,'file2_176.jpeg','2017-04-11 05:41:54','2017-04-11 05:41:54',NULL),(177,'7225-5394-OSIKOMIJIG','N','リテナー押し治具','',0,0,1,'49YB001472','NAF-17-067',1,29000,'625W','','','',11,34800,NULL,NULL,'2017-04-11 23:50:20','2017-05-08 04:04:58',NULL),(178,'7386-8185-L','N','4.8 W/P 2P M','',0,1,0,'49HA036017','HV8480',15,21066,'700W','A/C','L','',10,25279,NULL,'file2_178.jpeg','2017-04-12 04:13:52','2017-04-12 04:13:52',NULL),(179,'7225 8969-SW','5','コネクタ組立・検出治具 (ｾ3で品番変更)','',1,1,0,'49BB020238','',24,39040,'071A','MOTOR','',' (新～ｾ2　25 8576-SW)',0,46848,NULL,'file2_179.jpeg','2017-04-12 04:17:08','2017-04-12 04:17:08',NULL),(180,'7325-6017-U','4','MG 3P M','',0,1,0,'49HA030075','YDU15068',24,44730,'071A','MTR','U','',0,53676,NULL,'file2_180.jpeg','2017-04-12 04:19:14','2017-04-12 04:19:14',NULL),(181,'7142-6534-U-SONYU','N','リアホルダ挿入治具','',0,0,1,'49YB001476','',24,0,'625W','分岐BOXハーネス','','',2,0,NULL,NULL,'2017-04-17 08:01:40','2017-04-18 02:25:27',NULL),(182,'7142-6534-D-SONYU','N','リアホルダ挿入治具','',0,0,1,'49YB001477','',24,0,'625W','分岐ＢＯＸハ－ネス','','',2,0,NULL,NULL,'2017-04-17 08:02:08','2017-04-18 02:25:08',NULL),(183,'J32U-TAPE-SHIKIBETSU','N','J32U スリットテープ色判別治具','',1,0,0,'49AD000094','NAF-17-068',9,0,'J32U','MOTOR','','',5,0,NULL,NULL,'2017-04-18 00:48:27','2017-04-18 00:49:26',NULL),(184,'7125-6017-U-2','N','コネクタ受け','',1,0,0,'49FA000707','NAF-17-070',24,0,'577W','MOTOR','','',10,0,NULL,NULL,'2017-04-18 02:48:45','2017-04-18 02:50:38',NULL),(185,'7225 5405-SK-U-2','N','コネクタ組立治具','',1,0,0,'49BB033488','NAF-17-071',24,0,'577W','MTR','','',10,0,NULL,NULL,'2017-04-19 23:11:09','2017-04-19 23:12:18',NULL),(186,'25-5306+25-5626-D','2','PDM 2P 40SQ検出治具(ｼｪﾙ付)','1',0,1,0,'49HA031873','YDU13225',24,43340,'X12G','','','',7,52008,NULL,NULL,'2017-04-24 06:28:08','2017-04-24 06:29:46',NULL),(187,' 7325-5333-51-A','','エアリーク','1',0,0,1,'','',0,0,'X12K(RDC)','','U','',0,0,NULL,NULL,'2017-04-24 06:35:30','2017-04-24 06:37:17',NULL),(188,'7225-6713-3W','','','1',0,1,0,'','',0,0,'','','','',0,0,NULL,NULL,'2017-04-24 06:54:55','2017-04-24 06:54:55',NULL),(189,'25-6819+7158-4979','','','1',0,1,0,'','F705',2,0,'','','','',0,0,NULL,NULL,'2017-04-24 07:03:27','2017-04-24 07:03:27',NULL),(190,'87-7085-D','N','0.5 24P F 導通検査治具(リテナー浮検知不可）','',0,1,0,'49HA034459','',20,50670,'14PL','','D','',13,60804,NULL,'file2_190.jpeg','2017-04-27 00:07:07','2017-04-27 00:07:07',NULL),(191,'86-1237+47-8749-U','1','9.5 1P　オス+C','',0,1,0,'49HA031882','YDU12343',24,16764,'','','','',14,20117,NULL,'file2_191.jpeg','2017-04-27 06:17:51','2017-04-27 06:17:51',NULL),(192,'7289-4037-51-L','1','9.5 1P F','',0,1,0,'49HA036043','DCF16003',20,45770,'09PL','','','',14,54924,NULL,'file2_192.jpeg','2017-04-27 06:19:46','2017-04-27 06:19:46',NULL),(193,'DKJ-100B','N','電線規制治具','',1,0,0,'49DA000328','NAF-17-074',24,0,'100B','床下','','',9,0,NULL,NULL,'2017-04-28 00:06:26','2017-04-28 00:06:26',NULL),(194,'7009 6460 02-SK-D-SW','N','LA組立導通治具','',1,0,0,'49BK000144','NAF-17-075',1,0,'5K9K','単線','カシメ下','',14,0,NULL,NULL,'2017-05-08 01:10:40','2017-05-08 01:10:40',NULL),(195,'7009 6461 02-SK-D-SW','N','LA組立導通治具','',1,0,0,'49BK000145','NAF-17-076',1,0,'5K9K','単線','カシメ下','',14,0,NULL,NULL,'2017-05-08 01:11:13','2017-05-08 01:11:13',NULL),(196,'7009 6461 02-SK-R-SW','N','LA組立導通治具','',1,0,0,'49BK000146','NAF-17-078',1,0,'5K9K','S/P','カシメ右','',14,0,NULL,NULL,'2017-05-08 01:11:42','2017-05-08 01:12:08',NULL),(197,'7009 6462-R+76 2781+2782-SK-SW','N','LA組立導通治具','',1,0,0,'49BK000147','NAF-17-079',1,0,'5K9K','S/P','カシメ右','',14,0,NULL,NULL,'2017-05-08 01:12:58','2017-05-08 01:12:58',NULL),(198,'7009 6461 02-SK-R','N','LA組立治具','',1,0,0,'49BC003378','NAF-17-077',1,0,'5K9K','S/P','カシメ右','',14,0,NULL,NULL,'2017-05-08 01:13:53','2017-05-08 01:13:53',NULL),(199,'7009 6462 02-SK-R','N','LA組立治具','',1,0,0,'49BC003379','NAF-17-080',1,0,'5K9K','S/P','カシメ右','',14,0,NULL,NULL,'2017-05-08 01:14:21','2017-05-08 01:14:21',NULL),(200,'7325-5391(8419)','1','MG側 ランス変位検出治具','1',0,1,0,'49HA031321','',24,54050,'','','','',13,64860,NULL,NULL,'2017-05-09 00:34:07','2017-05-09 00:34:07',NULL),(201,'7225-5511-5W-T','N','耐電圧（絶縁抵抗）試験用Ｃ/F','',0,1,0,'49HG000025','DPE-3J-2312',24,0,'5K9K','S/P','','',3,0,NULL,NULL,'2017-05-09 02:30:30','2017-05-09 02:32:09',NULL);
/*!40101 SET @saved_cs_client     = @@character_set_client */;
/*!40101 SET character_set_client = utf8 */;
CREATE TABLE `users` (
  `id` int(10) unsigned NOT NULL AUTO_INCREMENT,
  `username` varchar(255) COLLATE utf8_unicode_ci NOT NULL,
  `password` varchar(60) COLLATE utf8_unicode_ci NOT NULL,
  `role` varchar(10) COLLATE utf8_unicode_ci NOT NULL,
  `remember_token` varchar(100) COLLATE utf8_unicode_ci DEFAULT NULL,
  `created_at` timestamp NULL DEFAULT NULL,
  `updated_at` timestamp NULL DEFAULT NULL,
  `deleted_at` timestamp NULL DEFAULT NULL,
  PRIMARY KEY (`id`),
  UNIQUE KEY `users_username_unique` (`username`)
) ENGINE=InnoDB AUTO_INCREMENT=19 DEFAULT CHARSET=utf8 COLLATE=utf8_unicode_ci;
/*!40101 SET character_set_client = @saved_cs_client */;
INSERT INTO `users` VALUES (1,'admin','$2y$10$m5hAWOR.PPdf4sA4SNW5ae9WvXFZNRVKn5/Eca.Vo1Yu7nJJSphV.','管理者','n17C9sxtjwIJTQeJ28APsWO2MrzPzvE452lp4hmP6WYfc4eQiiAOkHZUf0M4','2017-02-02 15:00:00','2017-04-26 00:05:30',NULL),(2,'takaoka_a','$2y$10$4spcH852RUfu3TCzzamoXe.FWJ76CXxXFJ3thkuFpCLSX5oUFy11G','管理者','uZHmT7aaP4gHZqIZsW07n8K1C4cAPcXUCn8lUt8ZiA8LMAoU2eU10kTmA8FH','2017-02-02 15:00:00','2017-04-25 01:34:49',NULL),(3,'ito_m','$2y$10$5TfNwP2wrEzigAhTZxbz4ecr1ySoDPYMH08PJ9RNoOuVrp6I.huiC','管理者','4WhW8rbiTzRIWZ9bxfkUzOhKrziVuYiaKi3O9zcyS2rZmIbIdnVy4D3cJMey','2017-02-09 04:48:03','2017-05-09 02:32:17',NULL),(4,'yamashita_y','$2y$10$Ly5TGAagMSvjzqjgUUwuvOLGg0/UJmv/lsH69XRWHg9Nv5jB8zguG','管理者',NULL,'2017-02-09 04:48:56','2017-02-09 04:53:42',NULL),(5,'ota_k','$2y$10$pxWmieNphXI6P5.wkNItRuthqNQPUV/M5f4ZApfMnZVJD7iPvOxQq','ユーザー',NULL,'2017-02-09 04:49:23','2017-02-09 04:53:57',NULL),(6,'tsuru_t','$2y$10$/KhLIpuBSmhWH8BjyO3fl.6KFOQDOjp9.AbcalTa2g.2TF2rddDhS','ユーザー',NULL,'2017-02-09 04:49:54','2017-02-09 04:54:11',NULL),(7,'ohishi_a','$2y$10$Zx2PkCsM3NKpMzkM0MqUj.l2wlK1C3Ro7bNkVHTfY2lS2H7qJDicO','ユーザー',NULL,'2017-02-09 04:50:28','2017-02-09 04:54:31',NULL),(8,'otani_y','$2y$10$mw6XFAUC/r/Ccsl.t2sYb.lXDhqMcINFaOjgyKjwwV5Hq3NFGVT4S','ユーザー',NULL,'2017-02-09 04:50:50','2017-02-09 04:54:45',NULL),(9,'handa_k','$2y$10$fx4f4GFDgipeYoTGslykxeFgzHTqO.k6bdCuKdkIJ5L4RlJcsJboK','ユーザー','5bSG0BNVI5ktzVFGdFmhkYQs49CwX4SECzIEdSw1pZTo9mN5hLfkD68s2xrK','2017-02-09 04:51:12','2017-04-12 04:48:56',NULL),(10,'matsumura_n','$2y$10$JdQQqbCwfYs0HfKGqZTNduMMiOyclpiuNwjhRyJd/2RUmHhN1hO3i','ユーザー',NULL,'2017-02-09 04:51:36','2017-02-09 04:55:10',NULL),(11,'kamada_h','$2y$10$.q5KU8pNSZw.qNC04Zn9u.oTU0l7wdRS5C9zfzV6py5uq8u/EmvOi','ユーザー','EGADuN9d6Y4HO1fEufYXaKQZWZjKFWEuUAFi2WfRyCGbMU9rBAp52oCT1nql','2017-02-09 04:55:31','2017-03-31 00:46:01',NULL),(12,'sugimoto_n','$2y$10$1kIm/39Bz5eW.t99IJMp.uANGtM7A0.6dEUByBmzVi3PCIa4cK2BK','ユーザー',NULL,'2017-02-09 04:55:51','2017-02-09 04:55:51',NULL),(13,'nonaka_d','$2y$10$ei6OWskzfKaFk2WwtiCoIuWBW3342VebSUE2z6TNLaX5AgwBzVAx6','ユーザー','ExX4NycJBTRovbMUW5OxWskEjPkEvXe49PAezIx2nCoHVOWOMQCSqCskvNeV','2017-02-09 04:56:08','2017-02-10 01:23:56',NULL),(14,'okitsu_t','$2y$10$/I7hhi2IL7Ctnb8thNXjo.a7E9FY6qGEOUUC5MHg6bfhGmGEhEkW2','ユーザー','AtNN9LQt0FmyKkDsbohtHUvWjrKfX6AFAdcyKDCy7nreQnEA0GJSxNumt2Hj','2017-02-09 04:56:27','2017-04-17 06:18:19',NULL),(15,'matsumoto_y','$2y$10$t2mKCeOPQKepvfM/QCg9UOGhAaGIEjUw/WjsdhJoDfLJ0WzGsiL4G','ユーザー',NULL,'2017-02-09 04:56:54','2017-02-09 04:56:54',NULL),(16,'matsumura_s','$2y$10$WYH9srfb1u/dVTYu40ST3eAHs6/bNMDLhF8YHXEzCbl2XXtFOhVwm','ユーザー','amzDUrv0xuL0m8VqNv54ymJqt9IChhtAPBtaQAObqAuxKmIZrgeA5gUWeCMr','2017-02-09 04:57:15','2017-05-08 07:04:04',NULL),(17,'kawahara_h','$2y$10$Ux264WEWJmW4YsTTp1mEFOYQL7D6Y2xTYZDrEz3o5lQeO9n2cDtG6','ユーザー',NULL,'2017-02-09 04:58:13','2017-02-09 04:58:13',NULL),(18,'hanazawa_s','$2y$10$.Uh6n5AUpMuWDLIijVbYfe7pd9O1RIhvMxkeawwTmtqWxnca3JdEK','ユーザー',NULL,'2017-02-09 04:58:35','2017-02-09 04:58:35',NULL);
